"HITId","HITTypeId","Title","Description","Keywords","Reward","CreationTime","MaxAssignments","RequesterAnnotation","AssignmentDurationInSeconds","AutoApprovalDelayInSeconds","Expiration","NumberOfSimilarHITs","LifetimeInSeconds","AssignmentId","WorkerId","AssignmentStatus","AcceptTime","SubmitTime","AutoApprovalTime","ApprovalTime","RejectionTime","RequesterFeedback","WorkTimeInSeconds","LifetimeApprovalRate","Last30DaysApprovalRate","Last7DaysApprovalRate","Input.Dataset","Input.Sample1","Input.Sample2","Input.Incoherent_Sample","Answer.Answer","Answer.FollowupAnswer","Approve","Reject"
"32PT7WK7DMC50HNVXKKLK075HLBD3D","33Q5C6LAR9Z5WWEVJ8MGRODQEETE2F","Coherent vs Incoherent sentences","The assignment is to select the incoherent text from a coherent/incoherent pair of texts and indicate how incoherent the selected text is relative to the other.","Reading, Text, Coherence, Incoherence","$0.03","Fri Feb 09 08:35:40 PST 2018","4","BatchId:3108852;OriginalHitTemplateId:920937336;","1800","259200","Fri Feb 16 08:35:40 PST 2018","","","3570Y55XZQGCEOS4EYJL4Z2ZLVRYGC","A16HSMUJ7C7QA7","Approved","Fri Feb 09 15:32:04 PST 2018","Fri Feb 09 15:32:30 PST 2018","Mon Feb 12 15:32:30 PST 2018","Mon Feb 12 07:50:22 PST 2018","","","26","100% (3/3)","100% (3/3)","100% (3/3)","incoherent_sentences_arg2_random.json","Having a proposal sponsored by Democrats would have given the president an advantage. By contrast having only a Republican measure makes the task harder. 
","Having a proposal sponsored by Democrats would have given the president an advantage. By contrast he lived with her. 
","2","SampleText2","3"
"32PT7WK7DMC50HNVXKKLK075HLBD3D","33Q5C6LAR9Z5WWEVJ8MGRODQEETE2F","Coherent vs Incoherent sentences","The assignment is to select the incoherent text from a coherent/incoherent pair of texts and indicate how incoherent the selected text is relative to the other.","Reading, Text, Coherence, Incoherence","$0.03","Fri Feb 09 08:35:40 PST 2018","4","BatchId:3108852;OriginalHitTemplateId:920937336;","1800","259200","Fri Feb 16 08:35:40 PST 2018","","","3OS4RQUCRACANG3YTMZJE34MZ5EFBG","AKSJ3C5O3V9RB","Approved","Fri Feb 09 08:36:16 PST 2018","Fri Feb 09 08:52:59 PST 2018","Mon Feb 12 08:52:59 PST 2018","Mon Feb 12 07:50:27 PST 2018","","","1003","100% (20/20)","100% (20/20)","100% (20/20)","incoherent_sentences_arg2_random.json","Having a proposal sponsored by Democrats would have given the president an advantage. By contrast having only a Republican measure makes the task harder. 
","Having a proposal sponsored by Democrats would have given the president an advantage. By contrast he lived with her. 
","2","SampleText2","3"
"32PT7WK7DMC50HNVXKKLK075HLBD3D","33Q5C6LAR9Z5WWEVJ8MGRODQEETE2F","Coherent vs Incoherent sentences","The assignment is to select the incoherent text from a coherent/incoherent pair of texts and indicate how incoherent the selected text is relative to the other.","Reading, Text, Coherence, Incoherence","$0.03","Fri Feb 09 08:35:40 PST 2018","4","BatchId:3108852;OriginalHitTemplateId:920937336;","1800","259200","Fri Feb 16 08:35:40 PST 2018","","","3QJOXOW4XKOE0T7ZP05MA1UGZ9ZEMU","AYSG3J2U3UF1Y","Approved","Sun Feb 11 11:54:35 PST 2018","Sun Feb 11 11:56:10 PST 2018","Wed Feb 14 11:56:10 PST 2018","Mon Feb 12 07:50:29 PST 2018","","","95","100% (8/8)","100% (8/8)","100% (8/8)","incoherent_sentences_arg2_random.json","Having a proposal sponsored by Democrats would have given the president an advantage. By contrast having only a Republican measure makes the task harder. 
","Having a proposal sponsored by Democrats would have given the president an advantage. By contrast he lived with her. 
","2","SampleText2","3"
"32PT7WK7DMC50HNVXKKLK075HLBD3D","33Q5C6LAR9Z5WWEVJ8MGRODQEETE2F","Coherent vs Incoherent sentences","The assignment is to select the incoherent text from a coherent/incoherent pair of texts and indicate how incoherent the selected text is relative to the other.","Reading, Text, Coherence, Incoherence","$0.03","Fri Feb 09 08:35:40 PST 2018","4","BatchId:3108852;OriginalHitTemplateId:920937336;","1800","259200","Fri Feb 16 08:35:40 PST 2018","","","3UXUOQ9OKFUSPDJ05P1BV07ZJ5GA7U","A14I3K8UN3612X","Approved","Sun Feb 11 14:23:05 PST 2018","Sun Feb 11 14:25:22 PST 2018","Wed Feb 14 14:25:22 PST 2018","Mon Feb 12 07:50:21 PST 2018","","","137","100% (12/12)","100% (12/12)","100% (12/12)","incoherent_sentences_arg2_random.json","Having a proposal sponsored by Democrats would have given the president an advantage. By contrast having only a Republican measure makes the task harder. 
","Having a proposal sponsored by Democrats would have given the president an advantage. By contrast he lived with her. 
","2","SampleText2","3"
"338GLSUI4386IIM6E5GCG8I2LEQFSI","33Q5C6LAR9Z5WWEVJ8MGRODQEETE2F","Coherent vs Incoherent sentences","The assignment is to select the incoherent text from a coherent/incoherent pair of texts and indicate how incoherent the selected text is relative to the other.","Reading, Text, Coherence, Incoherence","$0.03","Fri Feb 09 08:35:39 PST 2018","4","BatchId:3108852;OriginalHitTemplateId:920937336;","1800","259200","Fri Feb 16 08:35:39 PST 2018","","","3AAPLD8UCDEUXYOLOYE4HIMLLRRHT6","AKSJ3C5O3V9RB","Approved","Fri Feb 09 08:36:07 PST 2018","Fri Feb 09 08:48:18 PST 2018","Mon Feb 12 08:48:18 PST 2018","Mon Feb 12 07:50:27 PST 2018","","","731","100% (20/20)","100% (20/20)","100% (20/20)","incoherent_sentences_arg2_random.json","But many economists were not nearly as jubilant. Because so far it hasn't had any noticeable effect on response rates. 
","But many economists were not nearly as jubilant. Because the climb in wholesale energy prices is certain to push up retail energy prices in the next few months. 
","1","SampleText1","1"
"338GLSUI4386IIM6E5GCG8I2LEQFSI","33Q5C6LAR9Z5WWEVJ8MGRODQEETE2F","Coherent vs Incoherent sentences","The assignment is to select the incoherent text from a coherent/incoherent pair of texts and indicate how incoherent the selected text is relative to the other.","Reading, Text, Coherence, Incoherence","$0.03","Fri Feb 09 08:35:39 PST 2018","4","BatchId:3108852;OriginalHitTemplateId:920937336;","1800","259200","Fri Feb 16 08:35:39 PST 2018","","","3GM6G9ZBKOUGPCPWFVUH9NUH2FITMN","A16HSMUJ7C7QA7","Approved","Fri Feb 09 15:17:06 PST 2018","Fri Feb 09 15:17:35 PST 2018","Mon Feb 12 15:17:35 PST 2018","Mon Feb 12 07:50:22 PST 2018","","","29","100% (3/3)","100% (3/3)","100% (3/3)","incoherent_sentences_arg2_random.json","But many economists were not nearly as jubilant. Because so far it hasn't had any noticeable effect on response rates. 
","But many economists were not nearly as jubilant. Because the climb in wholesale energy prices is certain to push up retail energy prices in the next few months. 
","1","SampleText2","2"
"338GLSUI4386IIM6E5GCG8I2LEQFSI","33Q5C6LAR9Z5WWEVJ8MGRODQEETE2F","Coherent vs Incoherent sentences","The assignment is to select the incoherent text from a coherent/incoherent pair of texts and indicate how incoherent the selected text is relative to the other.","Reading, Text, Coherence, Incoherence","$0.03","Fri Feb 09 08:35:39 PST 2018","4","BatchId:3108852;OriginalHitTemplateId:920937336;","1800","259200","Fri Feb 16 08:35:39 PST 2018","","","3L70J4KAZHJ86MKAW24XVSHV5CDAD9","A1AJG4BGSRPC93","Approved","Fri Feb 09 16:22:32 PST 2018","Fri Feb 09 16:22:53 PST 2018","Mon Feb 12 16:22:53 PST 2018","Mon Feb 12 07:50:22 PST 2018","","","21","100% (5/5)","100% (5/5)","100% (5/5)","incoherent_sentences_arg2_random.json","But many economists were not nearly as jubilant. Because so far it hasn't had any noticeable effect on response rates. 
","But many economists were not nearly as jubilant. Because the climb in wholesale energy prices is certain to push up retail energy prices in the next few months. 
","1","SampleText2","2"
"338GLSUI4386IIM6E5GCG8I2LEQFSI","33Q5C6LAR9Z5WWEVJ8MGRODQEETE2F","Coherent vs Incoherent sentences","The assignment is to select the incoherent text from a coherent/incoherent pair of texts and indicate how incoherent the selected text is relative to the other.","Reading, Text, Coherence, Incoherence","$0.03","Fri Feb 09 08:35:39 PST 2018","4","BatchId:3108852;OriginalHitTemplateId:920937336;","1800","259200","Fri Feb 16 08:35:39 PST 2018","","","3LO69W1SU4ASEPL5VJUVAR03CKJLGB","A37PO5YNKE5D97","Approved","Sun Feb 11 10:23:21 PST 2018","Sun Feb 11 10:24:24 PST 2018","Wed Feb 14 10:24:24 PST 2018","Mon Feb 12 07:50:25 PST 2018","","","63","100% (3/3)","100% (3/3)","100% (3/3)","incoherent_sentences_arg2_random.json","But many economists were not nearly as jubilant. Because so far it hasn't had any noticeable effect on response rates. 
","But many economists were not nearly as jubilant. Because the climb in wholesale energy prices is certain to push up retail energy prices in the next few months. 
","1","SampleText1","1"
"33CLA8O0MI8UH3MTZGG7QYD6ZC7FRU","33Q5C6LAR9Z5WWEVJ8MGRODQEETE2F","Coherent vs Incoherent sentences","The assignment is to select the incoherent text from a coherent/incoherent pair of texts and indicate how incoherent the selected text is relative to the other.","Reading, Text, Coherence, Incoherence","$0.03","Fri Feb 09 08:35:39 PST 2018","4","BatchId:3108852;OriginalHitTemplateId:920937336;","1800","259200","Fri Feb 16 08:35:39 PST 2018","","","338JKRMM27WPI2PCIYNNMDWTX8CAHW","A14I3K8UN3612X","Approved","Sun Feb 11 14:23:10 PST 2018","Sun Feb 11 14:27:16 PST 2018","Wed Feb 14 14:27:16 PST 2018","Mon Feb 12 07:50:21 PST 2018","","","246","100% (12/12)","100% (12/12)","100% (12/12)","incoherent_sentences_arg2_random.json","Nancy Igdaloff may be a good prospect for such a gizmo. Because the stress study was undertaken because problems related to stress ""are much more prevalent than they seem. 
","Nancy Igdaloff may be a good prospect for such a gizmo. Because she's trying to sell a $150 exercise bike she bought about five years ago for her roommate. 
","1","SampleText2","3"
"33CLA8O0MI8UH3MTZGG7QYD6ZC7FRU","33Q5C6LAR9Z5WWEVJ8MGRODQEETE2F","Coherent vs Incoherent sentences","The assignment is to select the incoherent text from a coherent/incoherent pair of texts and indicate how incoherent the selected text is relative to the other.","Reading, Text, Coherence, Incoherence","$0.03","Fri Feb 09 08:35:39 PST 2018","4","BatchId:3108852;OriginalHitTemplateId:920937336;","1800","259200","Fri Feb 16 08:35:39 PST 2018","","","33IZTU6J82YQ4OBL42R0AZET73QXSU","A5V3ZMQI0PU3F","Approved","Sat Feb 10 20:02:56 PST 2018","Sat Feb 10 20:24:03 PST 2018","Tue Feb 13 20:24:03 PST 2018","Mon Feb 12 07:50:25 PST 2018","","","1267","100% (7/7)","100% (7/7)","100% (7/7)","incoherent_sentences_arg2_random.json","Nancy Igdaloff may be a good prospect for such a gizmo. Because the stress study was undertaken because problems related to stress ""are much more prevalent than they seem. 
","Nancy Igdaloff may be a good prospect for such a gizmo. Because she's trying to sell a $150 exercise bike she bought about five years ago for her roommate. 
","1","SampleText1","2"
"33CLA8O0MI8UH3MTZGG7QYD6ZC7FRU","33Q5C6LAR9Z5WWEVJ8MGRODQEETE2F","Coherent vs Incoherent sentences","The assignment is to select the incoherent text from a coherent/incoherent pair of texts and indicate how incoherent the selected text is relative to the other.","Reading, Text, Coherence, Incoherence","$0.03","Fri Feb 09 08:35:39 PST 2018","4","BatchId:3108852;OriginalHitTemplateId:920937336;","1800","259200","Fri Feb 16 08:35:39 PST 2018","","","3EKVH9QMEZ1J1JP6JNBIPAYXTMLD21","AKSJ3C5O3V9RB","Approved","Fri Feb 09 08:36:55 PST 2018","Fri Feb 09 08:58:47 PST 2018","Mon Feb 12 08:58:47 PST 2018","Mon Feb 12 07:50:27 PST 2018","","","1312","100% (20/20)","100% (20/20)","100% (20/20)","incoherent_sentences_arg2_random.json","Nancy Igdaloff may be a good prospect for such a gizmo. Because the stress study was undertaken because problems related to stress ""are much more prevalent than they seem. 
","Nancy Igdaloff may be a good prospect for such a gizmo. Because she's trying to sell a $150 exercise bike she bought about five years ago for her roommate. 
","1","SampleText2","2"
"33CLA8O0MI8UH3MTZGG7QYD6ZC7FRU","33Q5C6LAR9Z5WWEVJ8MGRODQEETE2F","Coherent vs Incoherent sentences","The assignment is to select the incoherent text from a coherent/incoherent pair of texts and indicate how incoherent the selected text is relative to the other.","Reading, Text, Coherence, Incoherence","$0.03","Fri Feb 09 08:35:39 PST 2018","4","BatchId:3108852;OriginalHitTemplateId:920937336;","1800","259200","Fri Feb 16 08:35:39 PST 2018","","","3NL0RFNU0GK1I3A3FIGTM2QLXFA4K9","AYSG3J2U3UF1Y","Approved","Sun Feb 11 11:54:10 PST 2018","Sun Feb 11 11:54:35 PST 2018","Wed Feb 14 11:54:35 PST 2018","Mon Feb 12 07:50:29 PST 2018","","","25","100% (8/8)","100% (8/8)","100% (8/8)","incoherent_sentences_arg2_random.json","Nancy Igdaloff may be a good prospect for such a gizmo. Because the stress study was undertaken because problems related to stress ""are much more prevalent than they seem. 
","Nancy Igdaloff may be a good prospect for such a gizmo. Because she's trying to sell a $150 exercise bike she bought about five years ago for her roommate. 
","1","SampleText1","2"
"33IXYHIZB5FL755CPFH078KYBJC2EK","33Q5C6LAR9Z5WWEVJ8MGRODQEETE2F","Coherent vs Incoherent sentences","The assignment is to select the incoherent text from a coherent/incoherent pair of texts and indicate how incoherent the selected text is relative to the other.","Reading, Text, Coherence, Incoherence","$0.03","Fri Feb 09 08:35:40 PST 2018","4","BatchId:3108852;OriginalHitTemplateId:920937336;","1800","259200","Fri Feb 16 08:35:40 PST 2018","","","32SVAV9L3G6AOUID3DYLIJVJEXO3A0","AKSJ3C5O3V9RB","Approved","Fri Feb 09 08:37:01 PST 2018","Fri Feb 09 09:04:34 PST 2018","Mon Feb 12 09:04:34 PST 2018","Mon Feb 12 07:50:29 PST 2018","","","1653","100% (20/20)","100% (20/20)","100% (20/20)","incoherent_sentences_arg2_diff_sense.json","In only one presidential election year prior to 1948 did more than 20% of the nation's congressional districts choose a different party's candidate for the White House than for the House of Representatives. But why should you beat your brains out fighting the environmentalists, the neighborhood groups, dealing with traffic mitigation, sewers and fighting city hall, then try to convince a lender to lend you money in an overbuilt market when you can get pension fund money, buy a portfolio, sell off pieces off it and play your own game. 
","In only one presidential election year prior to 1948 did more than 20% of the nation's congressional districts choose a different party's candidate for the White House than for the House of Representatives. But now that percentage routinely equals a third and twice has been above 40%. 
","1","SampleText1","3"
"33IXYHIZB5FL755CPFH078KYBJC2EK","33Q5C6LAR9Z5WWEVJ8MGRODQEETE2F","Coherent vs Incoherent sentences","The assignment is to select the incoherent text from a coherent/incoherent pair of texts and indicate how incoherent the selected text is relative to the other.","Reading, Text, Coherence, Incoherence","$0.03","Fri Feb 09 08:35:40 PST 2018","4","BatchId:3108852;OriginalHitTemplateId:920937336;","1800","259200","Fri Feb 16 08:35:40 PST 2018","","","3GDTJDAPVV8XRSX8CXJMIRYUO6B8MZ","A14I3K8UN3612X","Approved","Sun Feb 11 14:23:02 PST 2018","Sun Feb 11 14:24:07 PST 2018","Wed Feb 14 14:24:07 PST 2018","Mon Feb 12 07:50:22 PST 2018","","","65","100% (12/12)","100% (12/12)","100% (12/12)","incoherent_sentences_arg2_diff_sense.json","In only one presidential election year prior to 1948 did more than 20% of the nation's congressional districts choose a different party's candidate for the White House than for the House of Representatives. But why should you beat your brains out fighting the environmentalists, the neighborhood groups, dealing with traffic mitigation, sewers and fighting city hall, then try to convince a lender to lend you money in an overbuilt market when you can get pension fund money, buy a portfolio, sell off pieces off it and play your own game. 
","In only one presidential election year prior to 1948 did more than 20% of the nation's congressional districts choose a different party's candidate for the White House than for the House of Representatives. But now that percentage routinely equals a third and twice has been above 40%. 
","1","SampleText1","3"
"33IXYHIZB5FL755CPFH078KYBJC2EK","33Q5C6LAR9Z5WWEVJ8MGRODQEETE2F","Coherent vs Incoherent sentences","The assignment is to select the incoherent text from a coherent/incoherent pair of texts and indicate how incoherent the selected text is relative to the other.","Reading, Text, Coherence, Incoherence","$0.03","Fri Feb 09 08:35:40 PST 2018","4","BatchId:3108852;OriginalHitTemplateId:920937336;","1800","259200","Fri Feb 16 08:35:40 PST 2018","","","3OCHAWUVGPHSG5YDZTIYJDNJQALXKN","AKVDY8OXNMQED","Approved","Sun Feb 11 13:55:50 PST 2018","Sun Feb 11 13:56:49 PST 2018","Wed Feb 14 13:56:49 PST 2018","Mon Feb 12 07:50:29 PST 2018","","","59","100% (1/1)","100% (1/1)","100% (1/1)","incoherent_sentences_arg2_diff_sense.json","In only one presidential election year prior to 1948 did more than 20% of the nation's congressional districts choose a different party's candidate for the White House than for the House of Representatives. But why should you beat your brains out fighting the environmentalists, the neighborhood groups, dealing with traffic mitigation, sewers and fighting city hall, then try to convince a lender to lend you money in an overbuilt market when you can get pension fund money, buy a portfolio, sell off pieces off it and play your own game. 
","In only one presidential election year prior to 1948 did more than 20% of the nation's congressional districts choose a different party's candidate for the White House than for the House of Representatives. But now that percentage routinely equals a third and twice has been above 40%. 
","1","SampleText1","3"
"33IXYHIZB5FL755CPFH078KYBJC2EK","33Q5C6LAR9Z5WWEVJ8MGRODQEETE2F","Coherent vs Incoherent sentences","The assignment is to select the incoherent text from a coherent/incoherent pair of texts and indicate how incoherent the selected text is relative to the other.","Reading, Text, Coherence, Incoherence","$0.03","Fri Feb 09 08:35:40 PST 2018","4","BatchId:3108852;OriginalHitTemplateId:920937336;","1800","259200","Fri Feb 16 08:35:40 PST 2018","","","3WI0P0II62P0536RYDQJQI655KXRD2","AYSG3J2U3UF1Y","Approved","Sun Feb 11 11:56:49 PST 2018","Sun Feb 11 11:57:20 PST 2018","Wed Feb 14 11:57:20 PST 2018","Mon Feb 12 07:50:30 PST 2018","","","31","100% (8/8)","100% (8/8)","100% (8/8)","incoherent_sentences_arg2_diff_sense.json","In only one presidential election year prior to 1948 did more than 20% of the nation's congressional districts choose a different party's candidate for the White House than for the House of Representatives. But why should you beat your brains out fighting the environmentalists, the neighborhood groups, dealing with traffic mitigation, sewers and fighting city hall, then try to convince a lender to lend you money in an overbuilt market when you can get pension fund money, buy a portfolio, sell off pieces off it and play your own game. 
","In only one presidential election year prior to 1948 did more than 20% of the nation's congressional districts choose a different party's candidate for the White House than for the House of Representatives. But now that percentage routinely equals a third and twice has been above 40%. 
","1","","2"
"35A1YQPVFEDPM7QL3H9PQUL2NMAI5A","33Q5C6LAR9Z5WWEVJ8MGRODQEETE2F","Coherent vs Incoherent sentences","The assignment is to select the incoherent text from a coherent/incoherent pair of texts and indicate how incoherent the selected text is relative to the other.","Reading, Text, Coherence, Incoherence","$0.03","Fri Feb 09 08:35:39 PST 2018","4","BatchId:3108852;OriginalHitTemplateId:920937336;","1800","259200","Fri Feb 16 08:35:39 PST 2018","","","3KB8R4ZV1F4G1GZT4651WO4Y0QABGJ","AYSG3J2U3UF1Y","Approved","Sun Feb 11 11:52:10 PST 2018","Sun Feb 11 11:52:32 PST 2018","Wed Feb 14 11:52:32 PST 2018","Mon Feb 12 07:50:29 PST 2018","","","22","100% (8/8)","100% (8/8)","100% (8/8)","incoherent_sentences_arg2_random.json","With less capital coming in, China's balance of payments would suffer. For example determining when handicapped access is required can be a nightmare for architects. 
","With less capital coming in, China's balance of payments would suffer. For example the Western government report's first scenario assumes a 30% reduction in foreign borrowing and a 5% contraction in foreign direct investment. 
","1","SampleText1","2"
"35A1YQPVFEDPM7QL3H9PQUL2NMAI5A","33Q5C6LAR9Z5WWEVJ8MGRODQEETE2F","Coherent vs Incoherent sentences","The assignment is to select the incoherent text from a coherent/incoherent pair of texts and indicate how incoherent the selected text is relative to the other.","Reading, Text, Coherence, Incoherence","$0.03","Fri Feb 09 08:35:39 PST 2018","4","BatchId:3108852;OriginalHitTemplateId:920937336;","1800","259200","Fri Feb 16 08:35:39 PST 2018","","","3MHW492WW1AV24TLKQUWA5I2Z4XMV3","A1K8QNLYYYX21W","Approved","Sun Feb 11 10:31:30 PST 2018","Sun Feb 11 10:35:22 PST 2018","Wed Feb 14 10:35:22 PST 2018","Mon Feb 12 07:50:23 PST 2018","","","232","100% (7/7)","100% (7/7)","100% (7/7)","incoherent_sentences_arg2_random.json","With less capital coming in, China's balance of payments would suffer. For example determining when handicapped access is required can be a nightmare for architects. 
","With less capital coming in, China's balance of payments would suffer. For example the Western government report's first scenario assumes a 30% reduction in foreign borrowing and a 5% contraction in foreign direct investment. 
","1","SampleText2","1"
"35A1YQPVFEDPM7QL3H9PQUL2NMAI5A","33Q5C6LAR9Z5WWEVJ8MGRODQEETE2F","Coherent vs Incoherent sentences","The assignment is to select the incoherent text from a coherent/incoherent pair of texts and indicate how incoherent the selected text is relative to the other.","Reading, Text, Coherence, Incoherence","$0.03","Fri Feb 09 08:35:39 PST 2018","4","BatchId:3108852;OriginalHitTemplateId:920937336;","1800","259200","Fri Feb 16 08:35:39 PST 2018","","","3OF2M9AATHLHL0YS0B6JGY3UYANKZB","A14I3K8UN3612X","Approved","Sun Feb 11 14:23:04 PST 2018","Sun Feb 11 14:24:47 PST 2018","Wed Feb 14 14:24:47 PST 2018","Mon Feb 12 07:50:21 PST 2018","","","103","100% (12/12)","100% (12/12)","100% (12/12)","incoherent_sentences_arg2_random.json","With less capital coming in, China's balance of payments would suffer. For example determining when handicapped access is required can be a nightmare for architects. 
","With less capital coming in, China's balance of payments would suffer. For example the Western government report's first scenario assumes a 30% reduction in foreign borrowing and a 5% contraction in foreign direct investment. 
","1","SampleText1","3"
"35A1YQPVFEDPM7QL3H9PQUL2NMAI5A","33Q5C6LAR9Z5WWEVJ8MGRODQEETE2F","Coherent vs Incoherent sentences","The assignment is to select the incoherent text from a coherent/incoherent pair of texts and indicate how incoherent the selected text is relative to the other.","Reading, Text, Coherence, Incoherence","$0.03","Fri Feb 09 08:35:39 PST 2018","4","BatchId:3108852;OriginalHitTemplateId:920937336;","1800","259200","Fri Feb 16 08:35:39 PST 2018","","","3QECW5O0KIYIH54QNWDVSLJVGI05TD","AKSJ3C5O3V9RB","Approved","Fri Feb 09 08:36:11 PST 2018","Fri Feb 09 08:45:25 PST 2018","Mon Feb 12 08:45:25 PST 2018","Mon Feb 12 07:50:27 PST 2018","","","554","100% (20/20)","100% (20/20)","100% (20/20)","incoherent_sentences_arg2_random.json","With less capital coming in, China's balance of payments would suffer. For example determining when handicapped access is required can be a nightmare for architects. 
","With less capital coming in, China's balance of payments would suffer. For example the Western government report's first scenario assumes a 30% reduction in foreign borrowing and a 5% contraction in foreign direct investment. 
","1","SampleText1","3"
"3DIIW4IV8PS7QOMLPCQFL2FONQFI45","33Q5C6LAR9Z5WWEVJ8MGRODQEETE2F","Coherent vs Incoherent sentences","The assignment is to select the incoherent text from a coherent/incoherent pair of texts and indicate how incoherent the selected text is relative to the other.","Reading, Text, Coherence, Incoherence","$0.03","Fri Feb 09 08:35:39 PST 2018","4","BatchId:3108852;OriginalHitTemplateId:920937336;","1800","259200","Fri Feb 16 08:35:39 PST 2018","","","39PAAFCODNXZFZJ5TNV8WJDUTCTTVB","A1K8QNLYYYX21W","Approved","Sun Feb 11 10:28:42 PST 2018","Sun Feb 11 10:29:01 PST 2018","Wed Feb 14 10:29:01 PST 2018","Mon Feb 12 07:50:23 PST 2018","","","19","100% (7/7)","100% (7/7)","100% (7/7)","incoherent_sentences_arg2_random.json","CBS took to get an unprecedented lock on all playoff games. But if the playoffs end in four-game sweeps, losses could soar. 
","CBS took to get an unprecedented lock on all playoff games. But they long made little effort here. 
","2","SampleText2","2"
"3DIIW4IV8PS7QOMLPCQFL2FONQFI45","33Q5C6LAR9Z5WWEVJ8MGRODQEETE2F","Coherent vs Incoherent sentences","The assignment is to select the incoherent text from a coherent/incoherent pair of texts and indicate how incoherent the selected text is relative to the other.","Reading, Text, Coherence, Incoherence","$0.03","Fri Feb 09 08:35:39 PST 2018","4","BatchId:3108852;OriginalHitTemplateId:920937336;","1800","259200","Fri Feb 16 08:35:39 PST 2018","","","3BV8HQ2ZZXY9LD5VMFWJPM73OOQ6A9","AKSJ3C5O3V9RB","Approved","Fri Feb 09 08:36:59 PST 2018","Fri Feb 09 09:01:18 PST 2018","Mon Feb 12 09:01:18 PST 2018","Mon Feb 12 07:50:27 PST 2018","","","1459","100% (20/20)","100% (20/20)","100% (20/20)","incoherent_sentences_arg2_random.json","CBS took to get an unprecedented lock on all playoff games. But if the playoffs end in four-game sweeps, losses could soar. 
","CBS took to get an unprecedented lock on all playoff games. But they long made little effort here. 
","2","SampleText2","3"
"3DIIW4IV8PS7QOMLPCQFL2FONQFI45","33Q5C6LAR9Z5WWEVJ8MGRODQEETE2F","Coherent vs Incoherent sentences","The assignment is to select the incoherent text from a coherent/incoherent pair of texts and indicate how incoherent the selected text is relative to the other.","Reading, Text, Coherence, Incoherence","$0.03","Fri Feb 09 08:35:39 PST 2018","4","BatchId:3108852;OriginalHitTemplateId:920937336;","1800","259200","Fri Feb 16 08:35:39 PST 2018","","","3N4BPTXIO9P0Z14IUO7BZ6OFWS8KUM","A14I3K8UN3612X","Approved","Sun Feb 11 14:22:58 PST 2018","Sun Feb 11 14:23:37 PST 2018","Wed Feb 14 14:23:37 PST 2018","Mon Feb 12 07:50:21 PST 2018","","","39","100% (12/12)","100% (12/12)","100% (12/12)","incoherent_sentences_arg2_random.json","CBS took to get an unprecedented lock on all playoff games. But if the playoffs end in four-game sweeps, losses could soar. 
","CBS took to get an unprecedented lock on all playoff games. But they long made little effort here. 
","2","SampleText2","1"
"3DIIW4IV8PS7QOMLPCQFL2FONQFI45","33Q5C6LAR9Z5WWEVJ8MGRODQEETE2F","Coherent vs Incoherent sentences","The assignment is to select the incoherent text from a coherent/incoherent pair of texts and indicate how incoherent the selected text is relative to the other.","Reading, Text, Coherence, Incoherence","$0.03","Fri Feb 09 08:35:39 PST 2018","4","BatchId:3108852;OriginalHitTemplateId:920937336;","1800","259200","Fri Feb 16 08:35:39 PST 2018","","","3Z4AIRP3C7AQA4CRRJCGEYRKH4F1XI","AYSG3J2U3UF1Y","Approved","Sun Feb 11 11:52:33 PST 2018","Sun Feb 11 11:53:22 PST 2018","Wed Feb 14 11:53:22 PST 2018","Mon Feb 12 07:50:29 PST 2018","","","49","100% (8/8)","100% (8/8)","100% (8/8)","incoherent_sentences_arg2_random.json","CBS took to get an unprecedented lock on all playoff games. But if the playoffs end in four-game sweeps, losses could soar. 
","CBS took to get an unprecedented lock on all playoff games. But they long made little effort here. 
","2","SampleText2","1"
"3G3AJKPCXLPTGO1QTUCI7Q9CD9D4YX","33Q5C6LAR9Z5WWEVJ8MGRODQEETE2F","Coherent vs Incoherent sentences","The assignment is to select the incoherent text from a coherent/incoherent pair of texts and indicate how incoherent the selected text is relative to the other.","Reading, Text, Coherence, Incoherence","$0.03","Fri Feb 09 08:35:40 PST 2018","4","BatchId:3108852;OriginalHitTemplateId:920937336;","1800","259200","Fri Feb 16 08:35:40 PST 2018","","","30ZX6P7VF9SW45PYTJXTS8TAYCEJ2T","AYSG3J2U3UF1Y","Approved","Sun Feb 11 11:51:18 PST 2018","Sun Feb 11 11:52:09 PST 2018","Wed Feb 14 11:52:09 PST 2018","Mon Feb 12 07:50:30 PST 2018","","","51","100% (8/8)","100% (8/8)","100% (8/8)","incoherent_sentences_arg2_diff_sense.json","That isn't surprising. Because the glitzy office that Ivan Boesky vacated for a prison cell had previously contained commodity operators Marc Rich and ""Pinky"" Green, today fugitives from a potential century apiece of jail sentences. 
","That isn't surprising. Because regular TV series ratings have slumped in the past five years, and premiering new shows is ""a crap shoot. 
","1","SampleText1","2"
"3G3AJKPCXLPTGO1QTUCI7Q9CD9D4YX","33Q5C6LAR9Z5WWEVJ8MGRODQEETE2F","Coherent vs Incoherent sentences","The assignment is to select the incoherent text from a coherent/incoherent pair of texts and indicate how incoherent the selected text is relative to the other.","Reading, Text, Coherence, Incoherence","$0.03","Fri Feb 09 08:35:40 PST 2018","4","BatchId:3108852;OriginalHitTemplateId:920937336;","1800","259200","Fri Feb 16 08:35:40 PST 2018","","","37XITHEISX6Q0B0DYHV86CONKKKCRM","AFIIFNK4FM7MZ","Approved","Sun Feb 11 11:39:20 PST 2018","Sun Feb 11 11:40:02 PST 2018","Wed Feb 14 11:40:02 PST 2018","Mon Feb 12 07:50:27 PST 2018","","","42","100% (1/1)","100% (1/1)","100% (1/1)","incoherent_sentences_arg2_diff_sense.json","That isn't surprising. Because the glitzy office that Ivan Boesky vacated for a prison cell had previously contained commodity operators Marc Rich and ""Pinky"" Green, today fugitives from a potential century apiece of jail sentences. 
","That isn't surprising. Because regular TV series ratings have slumped in the past five years, and premiering new shows is ""a crap shoot. 
","1","SampleText1","2"
"3G3AJKPCXLPTGO1QTUCI7Q9CD9D4YX","33Q5C6LAR9Z5WWEVJ8MGRODQEETE2F","Coherent vs Incoherent sentences","The assignment is to select the incoherent text from a coherent/incoherent pair of texts and indicate how incoherent the selected text is relative to the other.","Reading, Text, Coherence, Incoherence","$0.03","Fri Feb 09 08:35:40 PST 2018","4","BatchId:3108852;OriginalHitTemplateId:920937336;","1800","259200","Fri Feb 16 08:35:40 PST 2018","","","3QY5DC2MXSHPJFC4TDGEJTWAOQLFUX","AKSJ3C5O3V9RB","Approved","Fri Feb 09 08:36:59 PST 2018","Fri Feb 09 09:01:46 PST 2018","Mon Feb 12 09:01:46 PST 2018","Mon Feb 12 07:50:28 PST 2018","","","1487","100% (20/20)","100% (20/20)","100% (20/20)","incoherent_sentences_arg2_diff_sense.json","That isn't surprising. Because the glitzy office that Ivan Boesky vacated for a prison cell had previously contained commodity operators Marc Rich and ""Pinky"" Green, today fugitives from a potential century apiece of jail sentences. 
","That isn't surprising. Because regular TV series ratings have slumped in the past five years, and premiering new shows is ""a crap shoot. 
","1","SampleText1","2"
"3G3AJKPCXLPTGO1QTUCI7Q9CD9D4YX","33Q5C6LAR9Z5WWEVJ8MGRODQEETE2F","Coherent vs Incoherent sentences","The assignment is to select the incoherent text from a coherent/incoherent pair of texts and indicate how incoherent the selected text is relative to the other.","Reading, Text, Coherence, Incoherence","$0.03","Fri Feb 09 08:35:40 PST 2018","4","BatchId:3108852;OriginalHitTemplateId:920937336;","1800","259200","Fri Feb 16 08:35:40 PST 2018","","","3TY7ZAOG5GHKJFS2WHTRAZ08G340KZ","A14I3K8UN3612X","Approved","Sun Feb 11 14:23:09 PST 2018","Sun Feb 11 14:26:45 PST 2018","Wed Feb 14 14:26:45 PST 2018","Mon Feb 12 07:50:21 PST 2018","","","216","100% (12/12)","100% (12/12)","100% (12/12)","incoherent_sentences_arg2_diff_sense.json","That isn't surprising. Because the glitzy office that Ivan Boesky vacated for a prison cell had previously contained commodity operators Marc Rich and ""Pinky"" Green, today fugitives from a potential century apiece of jail sentences. 
","That isn't surprising. Because regular TV series ratings have slumped in the past five years, and premiering new shows is ""a crap shoot. 
","1","SampleText2","1"
"3G9UA71JVVR04MOA9S9M0FEYR7U7JQ","33Q5C6LAR9Z5WWEVJ8MGRODQEETE2F","Coherent vs Incoherent sentences","The assignment is to select the incoherent text from a coherent/incoherent pair of texts and indicate how incoherent the selected text is relative to the other.","Reading, Text, Coherence, Incoherence","$0.03","Fri Feb 09 08:35:39 PST 2018","4","BatchId:3108852;OriginalHitTemplateId:920937336;","1800","259200","Fri Feb 16 08:35:39 PST 2018","","","30OG32W0SV8KIBSZ11KMNGJG4VDNEZ","A1AJG4BGSRPC93","Approved","Fri Feb 09 16:22:02 PST 2018","Fri Feb 09 16:22:15 PST 2018","Mon Feb 12 16:22:15 PST 2018","Mon Feb 12 07:50:22 PST 2018","","","13","100% (5/5)","100% (5/5)","100% (5/5)","incoherent_sentences_arg2_random.json","Midsized cars accounted for the greatest growth in units, rising 62,872 units to 134,550 units, or 88%. While unless the Federal Reserve eases interest rates soon to stimulate the economy, profits could remain disappointing. 
","Midsized cars accounted for the greatest growth in units, rising 62,872 units to 134,550 units, or 88%. While minicar output more than tripled. 
","1","SampleText1","2"
"3G9UA71JVVR04MOA9S9M0FEYR7U7JQ","33Q5C6LAR9Z5WWEVJ8MGRODQEETE2F","Coherent vs Incoherent sentences","The assignment is to select the incoherent text from a coherent/incoherent pair of texts and indicate how incoherent the selected text is relative to the other.","Reading, Text, Coherence, Incoherence","$0.03","Fri Feb 09 08:35:39 PST 2018","4","BatchId:3108852;OriginalHitTemplateId:920937336;","1800","259200","Fri Feb 16 08:35:39 PST 2018","","","31N2WW6R9SN5KLZLETKDWK6ABD1F3P","AKSJ3C5O3V9RB","Approved","Fri Feb 09 08:36:00 PST 2018","Fri Feb 09 08:38:55 PST 2018","Mon Feb 12 08:38:55 PST 2018","Mon Feb 12 07:50:27 PST 2018","","","175","100% (20/20)","100% (20/20)","100% (20/20)","incoherent_sentences_arg2_random.json","Midsized cars accounted for the greatest growth in units, rising 62,872 units to 134,550 units, or 88%. While unless the Federal Reserve eases interest rates soon to stimulate the economy, profits could remain disappointing. 
","Midsized cars accounted for the greatest growth in units, rising 62,872 units to 134,550 units, or 88%. While minicar output more than tripled. 
","1","SampleText2","2"
"3G9UA71JVVR04MOA9S9M0FEYR7U7JQ","33Q5C6LAR9Z5WWEVJ8MGRODQEETE2F","Coherent vs Incoherent sentences","The assignment is to select the incoherent text from a coherent/incoherent pair of texts and indicate how incoherent the selected text is relative to the other.","Reading, Text, Coherence, Incoherence","$0.03","Fri Feb 09 08:35:39 PST 2018","4","BatchId:3108852;OriginalHitTemplateId:920937336;","1800","259200","Fri Feb 16 08:35:39 PST 2018","","","3IJXV6UZ1YGHDEMDQRRUHFMIXJAIRO","A22KRF782ELLB0","Approved","Fri Feb 09 08:44:53 PST 2018","Fri Feb 09 08:45:18 PST 2018","Mon Feb 12 08:45:18 PST 2018","Mon Feb 12 07:50:24 PST 2018","","","25","100% (2/2)","100% (2/2)","100% (2/2)","incoherent_sentences_arg2_random.json","Midsized cars accounted for the greatest growth in units, rising 62,872 units to 134,550 units, or 88%. While unless the Federal Reserve eases interest rates soon to stimulate the economy, profits could remain disappointing. 
","Midsized cars accounted for the greatest growth in units, rising 62,872 units to 134,550 units, or 88%. While minicar output more than tripled. 
","1","SampleText1","2"
"3G9UA71JVVR04MOA9S9M0FEYR7U7JQ","33Q5C6LAR9Z5WWEVJ8MGRODQEETE2F","Coherent vs Incoherent sentences","The assignment is to select the incoherent text from a coherent/incoherent pair of texts and indicate how incoherent the selected text is relative to the other.","Reading, Text, Coherence, Incoherence","$0.03","Fri Feb 09 08:35:39 PST 2018","4","BatchId:3108852;OriginalHitTemplateId:920937336;","1800","259200","Fri Feb 16 08:35:39 PST 2018","","","3LS2AMNW5GNRXZIGB7FZWM8ZDCXOQQ","A1K8QNLYYYX21W","Approved","Sun Feb 11 10:28:05 PST 2018","Sun Feb 11 10:28:42 PST 2018","Wed Feb 14 10:28:42 PST 2018","Mon Feb 12 07:50:23 PST 2018","","","37","100% (7/7)","100% (7/7)","100% (7/7)","incoherent_sentences_arg2_random.json","Midsized cars accounted for the greatest growth in units, rising 62,872 units to 134,550 units, or 88%. While unless the Federal Reserve eases interest rates soon to stimulate the economy, profits could remain disappointing. 
","Midsized cars accounted for the greatest growth in units, rising 62,872 units to 134,550 units, or 88%. While minicar output more than tripled. 
","1","SampleText1","2"
"3GVPRXWRPHR49B44RAOMOEZYES5I7P","33Q5C6LAR9Z5WWEVJ8MGRODQEETE2F","Coherent vs Incoherent sentences","The assignment is to select the incoherent text from a coherent/incoherent pair of texts and indicate how incoherent the selected text is relative to the other.","Reading, Text, Coherence, Incoherence","$0.03","Fri Feb 09 08:35:40 PST 2018","4","BatchId:3108852;OriginalHitTemplateId:920937336;","1800","259200","Fri Feb 16 08:35:40 PST 2018","","","32ZKVD547GKF74N59RYHDUFPWF93BV","AKSJ3C5O3V9RB","Approved","Fri Feb 09 08:37:03 PST 2018","Fri Feb 09 09:02:40 PST 2018","Mon Feb 12 09:02:40 PST 2018","Mon Feb 12 07:50:29 PST 2018","","","1537","100% (20/20)","100% (20/20)","100% (20/20)","incoherent_sentences_arg2_diff_sense.json","Heidi Ehman might have stepped from a recruiting poster for young Republicans. Because it's a bottom-line issue. 
","Heidi Ehman might have stepped from a recruiting poster for young Republicans. Because white, 24 years old, a singer in her church choir, she symbolizes a generation that gave its heart and its vote to Ronald Reagan. 
","1","SampleText1","3"
"3GVPRXWRPHR49B44RAOMOEZYES5I7P","33Q5C6LAR9Z5WWEVJ8MGRODQEETE2F","Coherent vs Incoherent sentences","The assignment is to select the incoherent text from a coherent/incoherent pair of texts and indicate how incoherent the selected text is relative to the other.","Reading, Text, Coherence, Incoherence","$0.03","Fri Feb 09 08:35:40 PST 2018","4","BatchId:3108852;OriginalHitTemplateId:920937336;","1800","259200","Fri Feb 16 08:35:40 PST 2018","","","3D4CH1LGEBQXDNKW6MR55I98CQHG9O","A14I3K8UN3612X","Approved","Sun Feb 11 14:23:05 PST 2018","Sun Feb 11 14:25:10 PST 2018","Wed Feb 14 14:25:10 PST 2018","Mon Feb 12 07:50:22 PST 2018","","","125","100% (12/12)","100% (12/12)","100% (12/12)","incoherent_sentences_arg2_diff_sense.json","Heidi Ehman might have stepped from a recruiting poster for young Republicans. Because it's a bottom-line issue. 
","Heidi Ehman might have stepped from a recruiting poster for young Republicans. Because white, 24 years old, a singer in her church choir, she symbolizes a generation that gave its heart and its vote to Ronald Reagan. 
","1","SampleText1","1"
"3GVPRXWRPHR49B44RAOMOEZYES5I7P","33Q5C6LAR9Z5WWEVJ8MGRODQEETE2F","Coherent vs Incoherent sentences","The assignment is to select the incoherent text from a coherent/incoherent pair of texts and indicate how incoherent the selected text is relative to the other.","Reading, Text, Coherence, Incoherence","$0.03","Fri Feb 09 08:35:40 PST 2018","4","BatchId:3108852;OriginalHitTemplateId:920937336;","1800","259200","Fri Feb 16 08:35:40 PST 2018","","","3OLF68YTNAY546Y6N8ZNJSKGHV7FAF","A2ESBX4C2Q6TQY","Approved","Mon Feb 12 05:04:56 PST 2018","Mon Feb 12 05:05:36 PST 2018","Thu Feb 15 05:05:36 PST 2018","Mon Feb 12 07:50:25 PST 2018","","","40","100% (1/1)","100% (1/1)","100% (1/1)","incoherent_sentences_arg2_diff_sense.json","Heidi Ehman might have stepped from a recruiting poster for young Republicans. Because it's a bottom-line issue. 
","Heidi Ehman might have stepped from a recruiting poster for young Republicans. Because white, 24 years old, a singer in her church choir, she symbolizes a generation that gave its heart and its vote to Ronald Reagan. 
","1","SampleText1","2"
"3GVPRXWRPHR49B44RAOMOEZYES5I7P","33Q5C6LAR9Z5WWEVJ8MGRODQEETE2F","Coherent vs Incoherent sentences","The assignment is to select the incoherent text from a coherent/incoherent pair of texts and indicate how incoherent the selected text is relative to the other.","Reading, Text, Coherence, Incoherence","$0.03","Fri Feb 09 08:35:40 PST 2018","4","BatchId:3108852;OriginalHitTemplateId:920937336;","1800","259200","Fri Feb 16 08:35:40 PST 2018","","","3VZLGYJEYM7N50XZZUL86SBWUK5ZXK","A1KUAL8PN2X8PK","Approved","Mon Feb 12 02:59:21 PST 2018","Mon Feb 12 03:00:03 PST 2018","Thu Feb 15 03:00:03 PST 2018","Mon Feb 12 07:50:24 PST 2018","","","42","100% (4/4)","100% (4/4)","100% (4/4)","incoherent_sentences_arg2_diff_sense.json","Heidi Ehman might have stepped from a recruiting poster for young Republicans. Because it's a bottom-line issue. 
","Heidi Ehman might have stepped from a recruiting poster for young Republicans. Because white, 24 years old, a singer in her church choir, she symbolizes a generation that gave its heart and its vote to Ronald Reagan. 
","1","SampleText1","1"
"3I01FDIL6M5GFZRCTK6G1Q2DB7B2DR","33Q5C6LAR9Z5WWEVJ8MGRODQEETE2F","Coherent vs Incoherent sentences","The assignment is to select the incoherent text from a coherent/incoherent pair of texts and indicate how incoherent the selected text is relative to the other.","Reading, Text, Coherence, Incoherence","$0.03","Fri Feb 09 08:35:40 PST 2018","4","BatchId:3108852;OriginalHitTemplateId:920937336;","1800","259200","Fri Feb 16 08:35:40 PST 2018","","","3K772S5NP98S8F6OY3P9IWMKINVHEJ","A1K8QNLYYYX21W","Approved","Sun Feb 11 10:29:54 PST 2018","Sun Feb 11 10:30:20 PST 2018","Wed Feb 14 10:30:20 PST 2018","Mon Feb 12 07:50:23 PST 2018","","","26","100% (7/7)","100% (7/7)","100% (7/7)","incoherent_sentences_arg2_diff_sense.json","The mint purchases were at premiums about 4 1/2 cents a pound above the respective prices for the copper. However at the time merchants were asking for premiums of about five cents a pound. 
","The mint purchases were at premiums about 4 1/2 cents a pound above the respective prices for the copper. However mcCaw to escalate the bidding again. 
","2","SampleText2","3"
"3I01FDIL6M5GFZRCTK6G1Q2DB7B2DR","33Q5C6LAR9Z5WWEVJ8MGRODQEETE2F","Coherent vs Incoherent sentences","The assignment is to select the incoherent text from a coherent/incoherent pair of texts and indicate how incoherent the selected text is relative to the other.","Reading, Text, Coherence, Incoherence","$0.03","Fri Feb 09 08:35:40 PST 2018","4","BatchId:3108852;OriginalHitTemplateId:920937336;","1800","259200","Fri Feb 16 08:35:40 PST 2018","","","3Q5ZZ9ZEVPCZJLC2KY201PN82AB85X","A5V3ZMQI0PU3F","Approved","Sat Feb 10 20:24:27 PST 2018","Sat Feb 10 20:38:58 PST 2018","Tue Feb 13 20:38:58 PST 2018","Mon Feb 12 07:50:26 PST 2018","","","871","100% (7/7)","100% (7/7)","100% (7/7)","incoherent_sentences_arg2_diff_sense.json","The mint purchases were at premiums about 4 1/2 cents a pound above the respective prices for the copper. However at the time merchants were asking for premiums of about five cents a pound. 
","The mint purchases were at premiums about 4 1/2 cents a pound above the respective prices for the copper. However mcCaw to escalate the bidding again. 
","2","SampleText2","2"
"3I01FDIL6M5GFZRCTK6G1Q2DB7B2DR","33Q5C6LAR9Z5WWEVJ8MGRODQEETE2F","Coherent vs Incoherent sentences","The assignment is to select the incoherent text from a coherent/incoherent pair of texts and indicate how incoherent the selected text is relative to the other.","Reading, Text, Coherence, Incoherence","$0.03","Fri Feb 09 08:35:40 PST 2018","4","BatchId:3108852;OriginalHitTemplateId:920937336;","1800","259200","Fri Feb 16 08:35:40 PST 2018","","","3S0TNUHWKUFUNYRVZ4KJZ1B0FO68DW","A16HSMUJ7C7QA7","Approved","Fri Feb 09 15:14:37 PST 2018","Fri Feb 09 15:15:02 PST 2018","Mon Feb 12 15:15:02 PST 2018","Mon Feb 12 07:50:22 PST 2018","","","25","100% (3/3)","100% (3/3)","100% (3/3)","incoherent_sentences_arg2_diff_sense.json","The mint purchases were at premiums about 4 1/2 cents a pound above the respective prices for the copper. However at the time merchants were asking for premiums of about five cents a pound. 
","The mint purchases were at premiums about 4 1/2 cents a pound above the respective prices for the copper. However mcCaw to escalate the bidding again. 
","2","SampleText2","2"
"3I01FDIL6M5GFZRCTK6G1Q2DB7B2DR","33Q5C6LAR9Z5WWEVJ8MGRODQEETE2F","Coherent vs Incoherent sentences","The assignment is to select the incoherent text from a coherent/incoherent pair of texts and indicate how incoherent the selected text is relative to the other.","Reading, Text, Coherence, Incoherence","$0.03","Fri Feb 09 08:35:40 PST 2018","4","BatchId:3108852;OriginalHitTemplateId:920937336;","1800","259200","Fri Feb 16 08:35:40 PST 2018","","","3W92K5RLWVEXUX8FSRDAT37GD3G5VT","AKSJ3C5O3V9RB","Approved","Fri Feb 09 08:36:16 PST 2018","Fri Feb 09 08:56:01 PST 2018","Mon Feb 12 08:56:01 PST 2018","Mon Feb 12 07:50:28 PST 2018","","","1185","100% (20/20)","100% (20/20)","100% (20/20)","incoherent_sentences_arg2_diff_sense.json","The mint purchases were at premiums about 4 1/2 cents a pound above the respective prices for the copper. However at the time merchants were asking for premiums of about five cents a pound. 
","The mint purchases were at premiums about 4 1/2 cents a pound above the respective prices for the copper. However mcCaw to escalate the bidding again. 
","2","SampleText2","2"
"3PUOXASB570UIKH76BAS25TU5VUZ9E","33Q5C6LAR9Z5WWEVJ8MGRODQEETE2F","Coherent vs Incoherent sentences","The assignment is to select the incoherent text from a coherent/incoherent pair of texts and indicate how incoherent the selected text is relative to the other.","Reading, Text, Coherence, Incoherence","$0.03","Fri Feb 09 08:35:39 PST 2018","4","BatchId:3108852;OriginalHitTemplateId:920937336;","1800","259200","Fri Feb 16 08:35:39 PST 2018","","","30BXRYBRP5UMPFSFJ3JF42TKPL9HWW","AKSJ3C5O3V9RB","Approved","Fri Feb 09 08:36:13 PST 2018","Fri Feb 09 08:49:08 PST 2018","Mon Feb 12 08:49:08 PST 2018","Mon Feb 12 07:50:27 PST 2018","","","775","100% (20/20)","100% (20/20)","100% (20/20)","incoherent_sentences_arg2_random.json","Litigation Sciences concedes that in one in 20 cases it was flatout wrong in its predictions. Furthermore every issue is multisided. 
","Litigation Sciences concedes that in one in 20 cases it was flatout wrong in its predictions. Furthermore a few attorneys offer horror stories of jobs botched by consultants or of overpriced services. 
","1","SampleText1","1"
"3PUOXASB570UIKH76BAS25TU5VUZ9E","33Q5C6LAR9Z5WWEVJ8MGRODQEETE2F","Coherent vs Incoherent sentences","The assignment is to select the incoherent text from a coherent/incoherent pair of texts and indicate how incoherent the selected text is relative to the other.","Reading, Text, Coherence, Incoherence","$0.03","Fri Feb 09 08:35:39 PST 2018","4","BatchId:3108852;OriginalHitTemplateId:920937336;","1800","259200","Fri Feb 16 08:35:39 PST 2018","","","352YTHGROWAAGD9V9XDW9AAT5Y1H4D","A1IFIK8J49WBER","Approved","Sun Feb 11 10:28:24 PST 2018","Sun Feb 11 10:29:19 PST 2018","Wed Feb 14 10:29:19 PST 2018","Mon Feb 12 07:50:23 PST 2018","","","55","100% (1/1)","100% (1/1)","100% (1/1)","incoherent_sentences_arg2_random.json","Litigation Sciences concedes that in one in 20 cases it was flatout wrong in its predictions. Furthermore every issue is multisided. 
","Litigation Sciences concedes that in one in 20 cases it was flatout wrong in its predictions. Furthermore a few attorneys offer horror stories of jobs botched by consultants or of overpriced services. 
","1","SampleText1","1"
"3PUOXASB570UIKH76BAS25TU5VUZ9E","33Q5C6LAR9Z5WWEVJ8MGRODQEETE2F","Coherent vs Incoherent sentences","The assignment is to select the incoherent text from a coherent/incoherent pair of texts and indicate how incoherent the selected text is relative to the other.","Reading, Text, Coherence, Incoherence","$0.03","Fri Feb 09 08:35:39 PST 2018","4","BatchId:3108852;OriginalHitTemplateId:920937336;","1800","259200","Fri Feb 16 08:35:39 PST 2018","","","38SKSKU7R2U6AGR0L7UYV3DJRRMLI2","A2YDKZI930GXVP","Approved","Fri Feb 09 08:51:03 PST 2018","Fri Feb 09 08:51:24 PST 2018","Mon Feb 12 08:51:24 PST 2018","Mon Feb 12 07:50:25 PST 2018","","","21","100% (1/1)","100% (1/1)","100% (1/1)","incoherent_sentences_arg2_random.json","Litigation Sciences concedes that in one in 20 cases it was flatout wrong in its predictions. Furthermore every issue is multisided. 
","Litigation Sciences concedes that in one in 20 cases it was flatout wrong in its predictions. Furthermore a few attorneys offer horror stories of jobs botched by consultants or of overpriced services. 
","1","SampleText1","1"
"3PUOXASB570UIKH76BAS25TU5VUZ9E","33Q5C6LAR9Z5WWEVJ8MGRODQEETE2F","Coherent vs Incoherent sentences","The assignment is to select the incoherent text from a coherent/incoherent pair of texts and indicate how incoherent the selected text is relative to the other.","Reading, Text, Coherence, Incoherence","$0.03","Fri Feb 09 08:35:39 PST 2018","4","BatchId:3108852;OriginalHitTemplateId:920937336;","1800","259200","Fri Feb 16 08:35:39 PST 2018","","","3VHP9MDGROHTXLV47MVEPNA4HSEFCR","A1AJG4BGSRPC93","Approved","Fri Feb 09 16:21:42 PST 2018","Fri Feb 09 16:22:01 PST 2018","Mon Feb 12 16:22:01 PST 2018","Mon Feb 12 07:50:22 PST 2018","","","19","100% (5/5)","100% (5/5)","100% (5/5)","incoherent_sentences_arg2_random.json","Litigation Sciences concedes that in one in 20 cases it was flatout wrong in its predictions. Furthermore every issue is multisided. 
","Litigation Sciences concedes that in one in 20 cases it was flatout wrong in its predictions. Furthermore a few attorneys offer horror stories of jobs botched by consultants or of overpriced services. 
","1","SampleText2","2"
"3RHLQY6EDT1QID6ZXYP4U5ZBVL7D4Y","33Q5C6LAR9Z5WWEVJ8MGRODQEETE2F","Coherent vs Incoherent sentences","The assignment is to select the incoherent text from a coherent/incoherent pair of texts and indicate how incoherent the selected text is relative to the other.","Reading, Text, Coherence, Incoherence","$0.03","Fri Feb 09 08:35:40 PST 2018","4","BatchId:3108852;OriginalHitTemplateId:920937336;","1800","259200","Fri Feb 16 08:35:40 PST 2018","","","3A4TN5196LFDBHMA2CJES8MHXANHCT","A5V3ZMQI0PU3F","Approved","Sat Feb 10 20:38:58 PST 2018","Sat Feb 10 20:39:49 PST 2018","Tue Feb 13 20:39:49 PST 2018","Mon Feb 12 07:50:26 PST 2018","","","51","100% (7/7)","100% (7/7)","100% (7/7)","incoherent_sentences_arg2_random.json","But many consumers probably will use the extra time to put off some purchasing until the last minute. So trucking, shipping and air-freight firms are all planning rate increases, reflecting higher costs and tightened demand. 
","But many consumers probably will use the extra time to put off some purchasing until the last minute. So what you'll hear as we get into December is that sales are sluggish. 
","1","SampleText1","1"
"3RHLQY6EDT1QID6ZXYP4U5ZBVL7D4Y","33Q5C6LAR9Z5WWEVJ8MGRODQEETE2F","Coherent vs Incoherent sentences","The assignment is to select the incoherent text from a coherent/incoherent pair of texts and indicate how incoherent the selected text is relative to the other.","Reading, Text, Coherence, Incoherence","$0.03","Fri Feb 09 08:35:40 PST 2018","4","BatchId:3108852;OriginalHitTemplateId:920937336;","1800","259200","Fri Feb 16 08:35:40 PST 2018","","","3OLF68YTNAY546Y6N8ZNJSKGHNTFAL","AKSJ3C5O3V9RB","Approved","Fri Feb 09 08:36:15 PST 2018","Fri Feb 09 08:52:26 PST 2018","Mon Feb 12 08:52:26 PST 2018","Mon Feb 12 07:50:28 PST 2018","","","971","100% (20/20)","100% (20/20)","100% (20/20)","incoherent_sentences_arg2_random.json","But many consumers probably will use the extra time to put off some purchasing until the last minute. So trucking, shipping and air-freight firms are all planning rate increases, reflecting higher costs and tightened demand. 
","But many consumers probably will use the extra time to put off some purchasing until the last minute. So what you'll hear as we get into December is that sales are sluggish. 
","1","SampleText1","3"
"3RHLQY6EDT1QID6ZXYP4U5ZBVL7D4Y","33Q5C6LAR9Z5WWEVJ8MGRODQEETE2F","Coherent vs Incoherent sentences","The assignment is to select the incoherent text from a coherent/incoherent pair of texts and indicate how incoherent the selected text is relative to the other.","Reading, Text, Coherence, Incoherence","$0.03","Fri Feb 09 08:35:40 PST 2018","4","BatchId:3108852;OriginalHitTemplateId:920937336;","1800","259200","Fri Feb 16 08:35:40 PST 2018","","","3R0T90IZ1T9ZBLRZI61W78AGIB5GCQ","A3F0NFNLOLFJT0","Approved","Sun Feb 11 10:24:00 PST 2018","Sun Feb 11 10:24:34 PST 2018","Wed Feb 14 10:24:34 PST 2018","Mon Feb 12 07:50:25 PST 2018","","","34","100% (3/3)","100% (3/3)","100% (3/3)","incoherent_sentences_arg2_random.json","But many consumers probably will use the extra time to put off some purchasing until the last minute. So trucking, shipping and air-freight firms are all planning rate increases, reflecting higher costs and tightened demand. 
","But many consumers probably will use the extra time to put off some purchasing until the last minute. So what you'll hear as we get into December is that sales are sluggish. 
","1","SampleText2","1"
"3RHLQY6EDT1QID6ZXYP4U5ZBVL7D4Y","33Q5C6LAR9Z5WWEVJ8MGRODQEETE2F","Coherent vs Incoherent sentences","The assignment is to select the incoherent text from a coherent/incoherent pair of texts and indicate how incoherent the selected text is relative to the other.","Reading, Text, Coherence, Incoherence","$0.03","Fri Feb 09 08:35:40 PST 2018","4","BatchId:3108852;OriginalHitTemplateId:920937336;","1800","259200","Fri Feb 16 08:35:40 PST 2018","","","3S3AMIZX3V2WZ1H8GG0O1N7J5JPDCD","A37PO5YNKE5D97","Approved","Sun Feb 11 10:23:23 PST 2018","Sun Feb 11 10:24:50 PST 2018","Wed Feb 14 10:24:50 PST 2018","Mon Feb 12 07:50:25 PST 2018","","","87","100% (3/3)","100% (3/3)","100% (3/3)","incoherent_sentences_arg2_random.json","But many consumers probably will use the extra time to put off some purchasing until the last minute. So trucking, shipping and air-freight firms are all planning rate increases, reflecting higher costs and tightened demand. 
","But many consumers probably will use the extra time to put off some purchasing until the last minute. So what you'll hear as we get into December is that sales are sluggish. 
","1","SampleText2","1"
"3RKHNXPHGWTXDH6O4L29BMSVE7SKU5","33Q5C6LAR9Z5WWEVJ8MGRODQEETE2F","Coherent vs Incoherent sentences","The assignment is to select the incoherent text from a coherent/incoherent pair of texts and indicate how incoherent the selected text is relative to the other.","Reading, Text, Coherence, Incoherence","$0.03","Fri Feb 09 08:35:40 PST 2018","4","BatchId:3108852;OriginalHitTemplateId:920937336;","1800","259200","Fri Feb 16 08:35:40 PST 2018","","","32N49TQG3HFU03KWNN4R1EN25HHAV4","AKSJ3C5O3V9RB","Approved","Fri Feb 09 08:36:56 PST 2018","Fri Feb 09 09:00:38 PST 2018","Mon Feb 12 09:00:38 PST 2018","Mon Feb 12 07:50:28 PST 2018","","","1422","100% (20/20)","100% (20/20)","100% (20/20)","incoherent_sentences_arg2_random.json","One big technology issue, Novell, rode the roller coaster. Specifically the stock, which finished Monday at 29 1/2, traded as high as 29 3/4 and as low as 28 3/4 before closing at 29 1/4, down 1/4. 
","One big technology issue, Novell, rode the roller coaster. Specifically talk hurts from where it spurts,"" one of them says. 
","2","SampleText2","3"
"3RKHNXPHGWTXDH6O4L29BMSVE7SKU5","33Q5C6LAR9Z5WWEVJ8MGRODQEETE2F","Coherent vs Incoherent sentences","The assignment is to select the incoherent text from a coherent/incoherent pair of texts and indicate how incoherent the selected text is relative to the other.","Reading, Text, Coherence, Incoherence","$0.03","Fri Feb 09 08:35:40 PST 2018","4","BatchId:3108852;OriginalHitTemplateId:920937336;","1800","259200","Fri Feb 16 08:35:40 PST 2018","","","3NXNZ5RS1BUEKU9VDJNBZ5WFDNJ97Z","A3F0NFNLOLFJT0","Approved","Sun Feb 11 10:22:35 PST 2018","Sun Feb 11 10:23:43 PST 2018","Wed Feb 14 10:23:43 PST 2018","Mon Feb 12 07:50:25 PST 2018","","","68","100% (3/3)","100% (3/3)","100% (3/3)","incoherent_sentences_arg2_random.json","One big technology issue, Novell, rode the roller coaster. Specifically the stock, which finished Monday at 29 1/2, traded as high as 29 3/4 and as low as 28 3/4 before closing at 29 1/4, down 1/4. 
","One big technology issue, Novell, rode the roller coaster. Specifically talk hurts from where it spurts,"" one of them says. 
","2","SampleText2",""
"3RKHNXPHGWTXDH6O4L29BMSVE7SKU5","33Q5C6LAR9Z5WWEVJ8MGRODQEETE2F","Coherent vs Incoherent sentences","The assignment is to select the incoherent text from a coherent/incoherent pair of texts and indicate how incoherent the selected text is relative to the other.","Reading, Text, Coherence, Incoherence","$0.03","Fri Feb 09 08:35:40 PST 2018","4","BatchId:3108852;OriginalHitTemplateId:920937336;","1800","259200","Fri Feb 16 08:35:40 PST 2018","","","3R5F3LQFV3H0BRJ7Y3YCNFK3IFIOZK","A1K8QNLYYYX21W","Approved","Sun Feb 11 10:29:01 PST 2018","Sun Feb 11 10:29:23 PST 2018","Wed Feb 14 10:29:23 PST 2018","Mon Feb 12 07:50:23 PST 2018","","","22","100% (7/7)","100% (7/7)","100% (7/7)","incoherent_sentences_arg2_random.json","One big technology issue, Novell, rode the roller coaster. Specifically the stock, which finished Monday at 29 1/2, traded as high as 29 3/4 and as low as 28 3/4 before closing at 29 1/4, down 1/4. 
","One big technology issue, Novell, rode the roller coaster. Specifically talk hurts from where it spurts,"" one of them says. 
","2","SampleText1","1"
"3RKHNXPHGWTXDH6O4L29BMSVE7SKU5","33Q5C6LAR9Z5WWEVJ8MGRODQEETE2F","Coherent vs Incoherent sentences","The assignment is to select the incoherent text from a coherent/incoherent pair of texts and indicate how incoherent the selected text is relative to the other.","Reading, Text, Coherence, Incoherence","$0.03","Fri Feb 09 08:35:40 PST 2018","4","BatchId:3108852;OriginalHitTemplateId:920937336;","1800","259200","Fri Feb 16 08:35:40 PST 2018","","","3TYCR1GOTDGS56GALBIKVYG9N9GZLF","A5V3ZMQI0PU3F","Approved","Sat Feb 10 19:59:47 PST 2018","Sat Feb 10 20:00:09 PST 2018","Tue Feb 13 20:00:09 PST 2018","Mon Feb 12 07:50:26 PST 2018","","","22","100% (7/7)","100% (7/7)","100% (7/7)","incoherent_sentences_arg2_random.json","One big technology issue, Novell, rode the roller coaster. Specifically the stock, which finished Monday at 29 1/2, traded as high as 29 3/4 and as low as 28 3/4 before closing at 29 1/4, down 1/4. 
","One big technology issue, Novell, rode the roller coaster. Specifically talk hurts from where it spurts,"" one of them says. 
","2","SampleText2","3"
"3TFJJUELSHM6A7LYTOB5HKKVQ7Z2CR","33Q5C6LAR9Z5WWEVJ8MGRODQEETE2F","Coherent vs Incoherent sentences","The assignment is to select the incoherent text from a coherent/incoherent pair of texts and indicate how incoherent the selected text is relative to the other.","Reading, Text, Coherence, Incoherence","$0.03","Fri Feb 09 08:35:40 PST 2018","4","BatchId:3108852;OriginalHitTemplateId:920937336;","1800","259200","Fri Feb 16 08:35:40 PST 2018","","","33PPO7FECWCNC4388QWACQ5EIIIIDH","AKSJ3C5O3V9RB","Approved","Fri Feb 09 08:36:51 PST 2018","Fri Feb 09 08:58:00 PST 2018","Mon Feb 12 08:58:00 PST 2018","Mon Feb 12 07:50:28 PST 2018","","","1269","100% (20/20)","100% (20/20)","100% (20/20)","incoherent_sentences_arg2_diff_sense.json","The market was dragged up by the scruff of its neck by Wall Street and by market makers getting caught short. But that way, they can be home in time for work Sunday. 
","The market was dragged up by the scruff of its neck by Wall Street and by market makers getting caught short. But no one wants stock on their books. 
","1","SampleText1","3"
"3TFJJUELSHM6A7LYTOB5HKKVQ7Z2CR","33Q5C6LAR9Z5WWEVJ8MGRODQEETE2F","Coherent vs Incoherent sentences","The assignment is to select the incoherent text from a coherent/incoherent pair of texts and indicate how incoherent the selected text is relative to the other.","Reading, Text, Coherence, Incoherence","$0.03","Fri Feb 09 08:35:40 PST 2018","4","BatchId:3108852;OriginalHitTemplateId:920937336;","1800","259200","Fri Feb 16 08:35:40 PST 2018","","","3DEL4X4EL7IN0ANU38JPSL2UOONXY9","A5V3ZMQI0PU3F","Approved","Sat Feb 10 20:24:03 PST 2018","Sat Feb 10 20:24:27 PST 2018","Tue Feb 13 20:24:27 PST 2018","Mon Feb 12 07:50:26 PST 2018","","","24","100% (7/7)","100% (7/7)","100% (7/7)","incoherent_sentences_arg2_diff_sense.json","The market was dragged up by the scruff of its neck by Wall Street and by market makers getting caught short. But that way, they can be home in time for work Sunday. 
","The market was dragged up by the scruff of its neck by Wall Street and by market makers getting caught short. But no one wants stock on their books. 
","1","SampleText1","1"
"3TFJJUELSHM6A7LYTOB5HKKVQ7Z2CR","33Q5C6LAR9Z5WWEVJ8MGRODQEETE2F","Coherent vs Incoherent sentences","The assignment is to select the incoherent text from a coherent/incoherent pair of texts and indicate how incoherent the selected text is relative to the other.","Reading, Text, Coherence, Incoherence","$0.03","Fri Feb 09 08:35:40 PST 2018","4","BatchId:3108852;OriginalHitTemplateId:920937336;","1800","259200","Fri Feb 16 08:35:40 PST 2018","","","3GFK2QRXXAEA9M8KI1I6F5QUKIFW53","A2AWBDW9V1E9KT","Approved","Sun Feb 11 12:28:17 PST 2018","Sun Feb 11 12:33:45 PST 2018","Wed Feb 14 12:33:45 PST 2018","Mon Feb 12 07:50:24 PST 2018","","","328","100% (1/1)","100% (1/1)","100% (1/1)","incoherent_sentences_arg2_diff_sense.json","The market was dragged up by the scruff of its neck by Wall Street and by market makers getting caught short. But that way, they can be home in time for work Sunday. 
","The market was dragged up by the scruff of its neck by Wall Street and by market makers getting caught short. But no one wants stock on their books. 
","1","SampleText1","2"
"3TFJJUELSHM6A7LYTOB5HKKVQ7Z2CR","33Q5C6LAR9Z5WWEVJ8MGRODQEETE2F","Coherent vs Incoherent sentences","The assignment is to select the incoherent text from a coherent/incoherent pair of texts and indicate how incoherent the selected text is relative to the other.","Reading, Text, Coherence, Incoherence","$0.03","Fri Feb 09 08:35:40 PST 2018","4","BatchId:3108852;OriginalHitTemplateId:920937336;","1800","259200","Fri Feb 16 08:35:40 PST 2018","","","3NGI5ARFTU2L1VA05S2ZKL5HF56P1I","AYSG3J2U3UF1Y","Approved","Sun Feb 11 11:56:10 PST 2018","Sun Feb 11 11:56:49 PST 2018","Wed Feb 14 11:56:49 PST 2018","Mon Feb 12 07:50:29 PST 2018","","","39","100% (8/8)","100% (8/8)","100% (8/8)","incoherent_sentences_arg2_diff_sense.json","The market was dragged up by the scruff of its neck by Wall Street and by market makers getting caught short. But that way, they can be home in time for work Sunday. 
","The market was dragged up by the scruff of its neck by Wall Street and by market makers getting caught short. But no one wants stock on their books. 
","1","SampleText1","3"
"3UEDKCTP9VNVF6USRD9Y1UEB6WU7KP","33Q5C6LAR9Z5WWEVJ8MGRODQEETE2F","Coherent vs Incoherent sentences","The assignment is to select the incoherent text from a coherent/incoherent pair of texts and indicate how incoherent the selected text is relative to the other.","Reading, Text, Coherence, Incoherence","$0.03","Fri Feb 09 08:35:40 PST 2018","4","BatchId:3108852;OriginalHitTemplateId:920937336;","1800","259200","Fri Feb 16 08:35:40 PST 2018","","","33CID57105QRKD9H04NBRXBU8FTL3I","A14I3K8UN3612X","Approved","Sun Feb 11 14:23:07 PST 2018","Sun Feb 11 14:26:16 PST 2018","Wed Feb 14 14:26:16 PST 2018","Mon Feb 12 07:50:22 PST 2018","","","189","100% (12/12)","100% (12/12)","100% (12/12)","incoherent_sentences_arg2_diff_sense.json","Fujisawa continued to attract investors because of strong earning prospects stemming from a new immune control agent. Consequently fujisawa gained 50 to 2,060. 
","Fujisawa continued to attract investors because of strong earning prospects stemming from a new immune control agent. Consequently for more than the past year, even the rumor of a major West Coast refinery shutdown has been enough to spark a futures rally because the gasoline market is so tight. 
","2","SampleText2","1"
"3UEDKCTP9VNVF6USRD9Y1UEB6WU7KP","33Q5C6LAR9Z5WWEVJ8MGRODQEETE2F","Coherent vs Incoherent sentences","The assignment is to select the incoherent text from a coherent/incoherent pair of texts and indicate how incoherent the selected text is relative to the other.","Reading, Text, Coherence, Incoherence","$0.03","Fri Feb 09 08:35:40 PST 2018","4","BatchId:3108852;OriginalHitTemplateId:920937336;","1800","259200","Fri Feb 16 08:35:40 PST 2018","","","386PBUZZXGU25RB63PFY74SJ4DILJZ","A1KUAL8PN2X8PK","Approved","Mon Feb 12 03:01:28 PST 2018","Mon Feb 12 03:01:53 PST 2018","Thu Feb 15 03:01:53 PST 2018","Mon Feb 12 07:50:24 PST 2018","","","25","100% (4/4)","100% (4/4)","100% (4/4)","incoherent_sentences_arg2_diff_sense.json","Fujisawa continued to attract investors because of strong earning prospects stemming from a new immune control agent. Consequently fujisawa gained 50 to 2,060. 
","Fujisawa continued to attract investors because of strong earning prospects stemming from a new immune control agent. Consequently for more than the past year, even the rumor of a major West Coast refinery shutdown has been enough to spark a futures rally because the gasoline market is so tight. 
","2","SampleText1","1"
"3UEDKCTP9VNVF6USRD9Y1UEB6WU7KP","33Q5C6LAR9Z5WWEVJ8MGRODQEETE2F","Coherent vs Incoherent sentences","The assignment is to select the incoherent text from a coherent/incoherent pair of texts and indicate how incoherent the selected text is relative to the other.","Reading, Text, Coherence, Incoherence","$0.03","Fri Feb 09 08:35:40 PST 2018","4","BatchId:3108852;OriginalHitTemplateId:920937336;","1800","259200","Fri Feb 16 08:35:40 PST 2018","","","3KGTPGBS6YI5IL0S5I17ZA2LFMG2U0","AKSJ3C5O3V9RB","Approved","Fri Feb 09 08:36:17 PST 2018","Fri Feb 09 08:56:20 PST 2018","Mon Feb 12 08:56:20 PST 2018","Mon Feb 12 07:50:28 PST 2018","","","1203","100% (20/20)","100% (20/20)","100% (20/20)","incoherent_sentences_arg2_diff_sense.json","Fujisawa continued to attract investors because of strong earning prospects stemming from a new immune control agent. Consequently fujisawa gained 50 to 2,060. 
","Fujisawa continued to attract investors because of strong earning prospects stemming from a new immune control agent. Consequently for more than the past year, even the rumor of a major West Coast refinery shutdown has been enough to spark a futures rally because the gasoline market is so tight. 
","2","SampleText2","3"
"3UEDKCTP9VNVF6USRD9Y1UEB6WU7KP","33Q5C6LAR9Z5WWEVJ8MGRODQEETE2F","Coherent vs Incoherent sentences","The assignment is to select the incoherent text from a coherent/incoherent pair of texts and indicate how incoherent the selected text is relative to the other.","Reading, Text, Coherence, Incoherence","$0.03","Fri Feb 09 08:35:40 PST 2018","4","BatchId:3108852;OriginalHitTemplateId:920937336;","1800","259200","Fri Feb 16 08:35:40 PST 2018","","","3QY7M81QH8JY1QSMHGE0PEAVOG0K77","A5V3ZMQI0PU3F","Approved","Sat Feb 10 20:39:50 PST 2018","Sat Feb 10 20:40:23 PST 2018","Tue Feb 13 20:40:23 PST 2018","Mon Feb 12 07:50:27 PST 2018","","","33","100% (7/7)","100% (7/7)","100% (7/7)","incoherent_sentences_arg2_diff_sense.json","Fujisawa continued to attract investors because of strong earning prospects stemming from a new immune control agent. Consequently fujisawa gained 50 to 2,060. 
","Fujisawa continued to attract investors because of strong earning prospects stemming from a new immune control agent. Consequently for more than the past year, even the rumor of a major West Coast refinery shutdown has been enough to spark a futures rally because the gasoline market is so tight. 
","2","SampleText1","2"
"3W1K7D6QSBED6DW44VOOTBOKTVXZBO","33Q5C6LAR9Z5WWEVJ8MGRODQEETE2F","Coherent vs Incoherent sentences","The assignment is to select the incoherent text from a coherent/incoherent pair of texts and indicate how incoherent the selected text is relative to the other.","Reading, Text, Coherence, Incoherence","$0.03","Fri Feb 09 08:35:40 PST 2018","4","BatchId:3108852;OriginalHitTemplateId:920937336;","1800","259200","Fri Feb 16 08:35:40 PST 2018","","","33FBRBDW6PWKI6LHZ8P8FVTIUSSC86","A1K8QNLYYYX21W","Approved","Sun Feb 11 10:29:23 PST 2018","Sun Feb 11 10:29:54 PST 2018","Wed Feb 14 10:29:54 PST 2018","Mon Feb 12 07:50:24 PST 2018","","","31","100% (7/7)","100% (7/7)","100% (7/7)","incoherent_sentences_arg2_diff_sense.json","Even the boon to affiliate relations may be limited. Because without Moscow's military and party behind it, East Germany runs the risk of disintegrating. 
","Even the boon to affiliate relations may be limited. Because the sports lineup may add only 1% to 5% to a station's annual profits. 
","1","SampleText1","0"
"3W1K7D6QSBED6DW44VOOTBOKTVXZBO","33Q5C6LAR9Z5WWEVJ8MGRODQEETE2F","Coherent vs Incoherent sentences","The assignment is to select the incoherent text from a coherent/incoherent pair of texts and indicate how incoherent the selected text is relative to the other.","Reading, Text, Coherence, Incoherence","$0.03","Fri Feb 09 08:35:40 PST 2018","4","BatchId:3108852;OriginalHitTemplateId:920937336;","1800","259200","Fri Feb 16 08:35:40 PST 2018","","","3C44YUNSI2MFTQQCLLMULN6Q42JDP6","A14I3K8UN3612X","Approved","Sun Feb 11 14:23:03 PST 2018","Sun Feb 11 14:24:28 PST 2018","Wed Feb 14 14:24:28 PST 2018","Mon Feb 12 07:50:22 PST 2018","","","85","100% (12/12)","100% (12/12)","100% (12/12)","incoherent_sentences_arg2_diff_sense.json","Even the boon to affiliate relations may be limited. Because without Moscow's military and party behind it, East Germany runs the risk of disintegrating. 
","Even the boon to affiliate relations may be limited. Because the sports lineup may add only 1% to 5% to a station's annual profits. 
","1","SampleText2","1"
"3W1K7D6QSBED6DW44VOOTBOKTVXZBO","33Q5C6LAR9Z5WWEVJ8MGRODQEETE2F","Coherent vs Incoherent sentences","The assignment is to select the incoherent text from a coherent/incoherent pair of texts and indicate how incoherent the selected text is relative to the other.","Reading, Text, Coherence, Incoherence","$0.03","Fri Feb 09 08:35:40 PST 2018","4","BatchId:3108852;OriginalHitTemplateId:920937336;","1800","259200","Fri Feb 16 08:35:40 PST 2018","","","3COPXFW7XC9N7WWMD28HP01GO5AKP8","AKSJ3C5O3V9RB","Approved","Fri Feb 09 08:37:05 PST 2018","Fri Feb 09 09:03:09 PST 2018","Mon Feb 12 09:03:09 PST 2018","Mon Feb 12 07:50:28 PST 2018","","","1564","100% (20/20)","100% (20/20)","100% (20/20)","incoherent_sentences_arg2_diff_sense.json","Even the boon to affiliate relations may be limited. Because without Moscow's military and party behind it, East Germany runs the risk of disintegrating. 
","Even the boon to affiliate relations may be limited. Because the sports lineup may add only 1% to 5% to a station's annual profits. 
","1","SampleText1","3"
"3W1K7D6QSBED6DW44VOOTBOKTVXZBO","33Q5C6LAR9Z5WWEVJ8MGRODQEETE2F","Coherent vs Incoherent sentences","The assignment is to select the incoherent text from a coherent/incoherent pair of texts and indicate how incoherent the selected text is relative to the other.","Reading, Text, Coherence, Incoherence","$0.03","Fri Feb 09 08:35:40 PST 2018","4","BatchId:3108852;OriginalHitTemplateId:920937336;","1800","259200","Fri Feb 16 08:35:40 PST 2018","","","3HOSI13XH0L64TNMGCVZLTP1QJ1DDD","A37PO5YNKE5D97","Approved","Sun Feb 11 10:23:25 PST 2018","Sun Feb 11 10:25:20 PST 2018","Wed Feb 14 10:25:20 PST 2018","Mon Feb 12 07:50:25 PST 2018","","","115","100% (3/3)","100% (3/3)","100% (3/3)","incoherent_sentences_arg2_diff_sense.json","Even the boon to affiliate relations may be limited. Because without Moscow's military and party behind it, East Germany runs the risk of disintegrating. 
","Even the boon to affiliate relations may be limited. Because the sports lineup may add only 1% to 5% to a station's annual profits. 
","1","SampleText1","1"
"3WUVMVA7OB08N3RCYHOSY04EBDCZAT","33Q5C6LAR9Z5WWEVJ8MGRODQEETE2F","Coherent vs Incoherent sentences","The assignment is to select the incoherent text from a coherent/incoherent pair of texts and indicate how incoherent the selected text is relative to the other.","Reading, Text, Coherence, Incoherence","$0.03","Fri Feb 09 08:35:40 PST 2018","4","BatchId:3108852;OriginalHitTemplateId:920937336;","1800","259200","Fri Feb 16 08:35:40 PST 2018","","","3NOKK93PR25GO5FM82H3XTP7Q78EE5","AYSG3J2U3UF1Y","Approved","Sun Feb 11 11:53:22 PST 2018","Sun Feb 11 11:54:09 PST 2018","Wed Feb 14 11:54:09 PST 2018","Mon Feb 12 07:50:30 PST 2018","","","47","100% (8/8)","100% (8/8)","100% (8/8)","incoherent_sentences_arg2_diff_sense.json","I don't know whose toes I've stepped on. But the appeals court said there was no evidence that Congress intended to allow the pension agency to consider a company's creation of new benefit plans as a basis for ordering that company to reassume liability for old plans. 
","I don't know whose toes I've stepped on. But i'll find out, eventually, who pushed the state police buttons into action. 
","1","SampleText2","1"
"3WUVMVA7OB08N3RCYHOSY04EBDCZAT","33Q5C6LAR9Z5WWEVJ8MGRODQEETE2F","Coherent vs Incoherent sentences","The assignment is to select the incoherent text from a coherent/incoherent pair of texts and indicate how incoherent the selected text is relative to the other.","Reading, Text, Coherence, Incoherence","$0.03","Fri Feb 09 08:35:40 PST 2018","4","BatchId:3108852;OriginalHitTemplateId:920937336;","1800","259200","Fri Feb 16 08:35:40 PST 2018","","","3PQMUDRV7S34KFJU04XL3NLRANQIIJ","AKSJ3C5O3V9RB","Approved","Fri Feb 09 08:37:07 PST 2018","Fri Feb 09 09:04:00 PST 2018","Mon Feb 12 09:04:00 PST 2018","Mon Feb 12 07:50:28 PST 2018","","","1613","100% (20/20)","100% (20/20)","100% (20/20)","incoherent_sentences_arg2_diff_sense.json","I don't know whose toes I've stepped on. But the appeals court said there was no evidence that Congress intended to allow the pension agency to consider a company's creation of new benefit plans as a basis for ordering that company to reassume liability for old plans. 
","I don't know whose toes I've stepped on. But i'll find out, eventually, who pushed the state police buttons into action. 
","1","SampleText1","3"
"3WUVMVA7OB08N3RCYHOSY04EBDCZAT","33Q5C6LAR9Z5WWEVJ8MGRODQEETE2F","Coherent vs Incoherent sentences","The assignment is to select the incoherent text from a coherent/incoherent pair of texts and indicate how incoherent the selected text is relative to the other.","Reading, Text, Coherence, Incoherence","$0.03","Fri Feb 09 08:35:40 PST 2018","4","BatchId:3108852;OriginalHitTemplateId:920937336;","1800","259200","Fri Feb 16 08:35:40 PST 2018","","","3RJSC4XJ11RH1W7ZPUPL8AHQJED05K","A1KUAL8PN2X8PK","Approved","Mon Feb 12 03:00:47 PST 2018","Mon Feb 12 03:01:28 PST 2018","Thu Feb 15 03:01:28 PST 2018","Mon Feb 12 07:50:24 PST 2018","","","41","100% (4/4)","100% (4/4)","100% (4/4)","incoherent_sentences_arg2_diff_sense.json","I don't know whose toes I've stepped on. But the appeals court said there was no evidence that Congress intended to allow the pension agency to consider a company's creation of new benefit plans as a basis for ordering that company to reassume liability for old plans. 
","I don't know whose toes I've stepped on. But i'll find out, eventually, who pushed the state police buttons into action. 
","1","SampleText2","3"
"3WUVMVA7OB08N3RCYHOSY04EBDCZAT","33Q5C6LAR9Z5WWEVJ8MGRODQEETE2F","Coherent vs Incoherent sentences","The assignment is to select the incoherent text from a coherent/incoherent pair of texts and indicate how incoherent the selected text is relative to the other.","Reading, Text, Coherence, Incoherence","$0.03","Fri Feb 09 08:35:40 PST 2018","4","BatchId:3108852;OriginalHitTemplateId:920937336;","1800","259200","Fri Feb 16 08:35:40 PST 2018","","","3Y4W8Q93L0HSYAN87XVTRFV8QQKDVR","A14I3K8UN3612X","Approved","Sun Feb 11 14:23:09 PST 2018","Sun Feb 11 14:27:00 PST 2018","Wed Feb 14 14:27:00 PST 2018","Mon Feb 12 07:50:21 PST 2018","","","231","100% (12/12)","100% (12/12)","100% (12/12)","incoherent_sentences_arg2_diff_sense.json","I don't know whose toes I've stepped on. But the appeals court said there was no evidence that Congress intended to allow the pension agency to consider a company's creation of new benefit plans as a basis for ordering that company to reassume liability for old plans. 
","I don't know whose toes I've stepped on. But i'll find out, eventually, who pushed the state police buttons into action. 
","1","SampleText2","1"
"3WUVMVA7OB08N3RCYHOSY04EBDDAZ5","33Q5C6LAR9Z5WWEVJ8MGRODQEETE2F","Coherent vs Incoherent sentences","The assignment is to select the incoherent text from a coherent/incoherent pair of texts and indicate how incoherent the selected text is relative to the other.","Reading, Text, Coherence, Incoherence","$0.03","Fri Feb 09 08:35:40 PST 2018","4","BatchId:3108852;OriginalHitTemplateId:920937336;","1800","259200","Fri Feb 16 08:35:40 PST 2018","","","378XPAWRUDAPEX0WOG58MPX8XFLIAF","A22KRF782ELLB0","Approved","Fri Feb 09 08:37:03 PST 2018","Fri Feb 09 08:37:33 PST 2018","Mon Feb 12 08:37:33 PST 2018","Mon Feb 12 07:50:24 PST 2018","","","30","100% (2/2)","100% (2/2)","100% (2/2)","incoherent_sentences_arg2_diff_sense.json","And they're leaning more toward fixed income, whose returns after tax have trailed tuition increases. Therefore i'm not sure they're going to make it work. 
","And they're leaning more toward fixed income, whose returns after tax have trailed tuition increases. Therefore by midmorning, the DJIA had plunged 80 points. 
","2","SampleText2","2"
"3WUVMVA7OB08N3RCYHOSY04EBDDAZ5","33Q5C6LAR9Z5WWEVJ8MGRODQEETE2F","Coherent vs Incoherent sentences","The assignment is to select the incoherent text from a coherent/incoherent pair of texts and indicate how incoherent the selected text is relative to the other.","Reading, Text, Coherence, Incoherence","$0.03","Fri Feb 09 08:35:40 PST 2018","4","BatchId:3108852;OriginalHitTemplateId:920937336;","1800","259200","Fri Feb 16 08:35:40 PST 2018","","","38F5OAUN5O97Z0REBVB3CMU3WU07HK","AKSJ3C5O3V9RB","Approved","Fri Feb 09 08:36:15 PST 2018","Fri Feb 09 08:51:33 PST 2018","Mon Feb 12 08:51:33 PST 2018","Mon Feb 12 07:50:29 PST 2018","","","918","100% (20/20)","100% (20/20)","100% (20/20)","incoherent_sentences_arg2_diff_sense.json","And they're leaning more toward fixed income, whose returns after tax have trailed tuition increases. Therefore i'm not sure they're going to make it work. 
","And they're leaning more toward fixed income, whose returns after tax have trailed tuition increases. Therefore by midmorning, the DJIA had plunged 80 points. 
","2","SampleText2","3"
"3WUVMVA7OB08N3RCYHOSY04EBDDAZ5","33Q5C6LAR9Z5WWEVJ8MGRODQEETE2F","Coherent vs Incoherent sentences","The assignment is to select the incoherent text from a coherent/incoherent pair of texts and indicate how incoherent the selected text is relative to the other.","Reading, Text, Coherence, Incoherence","$0.03","Fri Feb 09 08:35:40 PST 2018","4","BatchId:3108852;OriginalHitTemplateId:920937336;","1800","259200","Fri Feb 16 08:35:40 PST 2018","","","3BF51CHDTW7THPRUQWQUX7KGOM00HV","A14I3K8UN3612X","Approved","Sun Feb 11 14:23:06 PST 2018","Sun Feb 11 14:26:03 PST 2018","Wed Feb 14 14:26:03 PST 2018","Mon Feb 12 07:50:22 PST 2018","","","177","100% (12/12)","100% (12/12)","100% (12/12)","incoherent_sentences_arg2_diff_sense.json","And they're leaning more toward fixed income, whose returns after tax have trailed tuition increases. Therefore i'm not sure they're going to make it work. 
","And they're leaning more toward fixed income, whose returns after tax have trailed tuition increases. Therefore by midmorning, the DJIA had plunged 80 points. 
","2","SampleText1","1"
"3WUVMVA7OB08N3RCYHOSY04EBDDAZ5","33Q5C6LAR9Z5WWEVJ8MGRODQEETE2F","Coherent vs Incoherent sentences","The assignment is to select the incoherent text from a coherent/incoherent pair of texts and indicate how incoherent the selected text is relative to the other.","Reading, Text, Coherence, Incoherence","$0.03","Fri Feb 09 08:35:40 PST 2018","4","BatchId:3108852;OriginalHitTemplateId:920937336;","1800","259200","Fri Feb 16 08:35:40 PST 2018","","","3ZPBJO59KQYNG9SO28EPCE4ZIBUDHM","A3F0NFNLOLFJT0","Approved","Sun Feb 11 10:23:43 PST 2018","Sun Feb 11 10:24:00 PST 2018","Wed Feb 14 10:24:00 PST 2018","Mon Feb 12 07:50:25 PST 2018","","","17","100% (3/3)","100% (3/3)","100% (3/3)","incoherent_sentences_arg2_diff_sense.json","And they're leaning more toward fixed income, whose returns after tax have trailed tuition increases. Therefore i'm not sure they're going to make it work. 
","And they're leaning more toward fixed income, whose returns after tax have trailed tuition increases. Therefore by midmorning, the DJIA had plunged 80 points. 
","2","SampleText1","1"
"3XT3KXP24ZVL5BQZ80JUI0Z2JHLI6Q","33Q5C6LAR9Z5WWEVJ8MGRODQEETE2F","Coherent vs Incoherent sentences","The assignment is to select the incoherent text from a coherent/incoherent pair of texts and indicate how incoherent the selected text is relative to the other.","Reading, Text, Coherence, Incoherence","$0.03","Fri Feb 09 08:35:40 PST 2018","4","BatchId:3108852;OriginalHitTemplateId:920937336;","1800","259200","Fri Feb 16 08:35:40 PST 2018","","","3EFE17QCRD2TIYB6ZY9E7DQZJFMSHF","A1KUAL8PN2X8PK","Approved","Mon Feb 12 03:00:03 PST 2018","Mon Feb 12 03:00:46 PST 2018","Thu Feb 15 03:00:46 PST 2018","Mon Feb 12 07:50:24 PST 2018","","","43","100% (4/4)","100% (4/4)","100% (4/4)","incoherent_sentences_arg2_diff_sense.json","That would be a formula for ensuring even more FHA red ink. Because many members feel there are important features of the House bill that should be enacted. 
","That would be a formula for ensuring even more FHA red ink. Because experience has shown that the most important element in predicting a housing-loan default is the down payment. 
","1","SampleText1","2"
"3XT3KXP24ZVL5BQZ80JUI0Z2JHLI6Q","33Q5C6LAR9Z5WWEVJ8MGRODQEETE2F","Coherent vs Incoherent sentences","The assignment is to select the incoherent text from a coherent/incoherent pair of texts and indicate how incoherent the selected text is relative to the other.","Reading, Text, Coherence, Incoherence","$0.03","Fri Feb 09 08:35:40 PST 2018","4","BatchId:3108852;OriginalHitTemplateId:920937336;","1800","259200","Fri Feb 16 08:35:40 PST 2018","","","3LWJHTCVCDJXRM5NC4W99SZLL7FQF7","A1AJG4BGSRPC93","Approved","Fri Feb 09 16:22:53 PST 2018","Fri Feb 09 16:23:07 PST 2018","Mon Feb 12 16:23:07 PST 2018","Mon Feb 12 07:50:23 PST 2018","","","14","100% (5/5)","100% (5/5)","100% (5/5)","incoherent_sentences_arg2_diff_sense.json","That would be a formula for ensuring even more FHA red ink. Because many members feel there are important features of the House bill that should be enacted. 
","That would be a formula for ensuring even more FHA red ink. Because experience has shown that the most important element in predicting a housing-loan default is the down payment. 
","1","SampleText1","2"
"3XT3KXP24ZVL5BQZ80JUI0Z2JHLI6Q","33Q5C6LAR9Z5WWEVJ8MGRODQEETE2F","Coherent vs Incoherent sentences","The assignment is to select the incoherent text from a coherent/incoherent pair of texts and indicate how incoherent the selected text is relative to the other.","Reading, Text, Coherence, Incoherence","$0.03","Fri Feb 09 08:35:40 PST 2018","4","BatchId:3108852;OriginalHitTemplateId:920937336;","1800","259200","Fri Feb 16 08:35:40 PST 2018","","","3WRFBPLXRBLH8DC2CH3Q4PFJDATN3M","A14I3K8UN3612X","Approved","Sun Feb 11 14:23:08 PST 2018","Sun Feb 11 14:26:29 PST 2018","Wed Feb 14 14:26:29 PST 2018","Mon Feb 12 07:50:21 PST 2018","","","201","100% (12/12)","100% (12/12)","100% (12/12)","incoherent_sentences_arg2_diff_sense.json","That would be a formula for ensuring even more FHA red ink. Because many members feel there are important features of the House bill that should be enacted. 
","That would be a formula for ensuring even more FHA red ink. Because experience has shown that the most important element in predicting a housing-loan default is the down payment. 
","1","SampleText2","1"
"3XT3KXP24ZVL5BQZ80JUI0Z2JHLI6Q","33Q5C6LAR9Z5WWEVJ8MGRODQEETE2F","Coherent vs Incoherent sentences","The assignment is to select the incoherent text from a coherent/incoherent pair of texts and indicate how incoherent the selected text is relative to the other.","Reading, Text, Coherence, Incoherence","$0.03","Fri Feb 09 08:35:40 PST 2018","4","BatchId:3108852;OriginalHitTemplateId:920937336;","1800","259200","Fri Feb 16 08:35:40 PST 2018","","","3ZDAD0O1T2ARJOO0T2WQK4AF9H9XTE","AKSJ3C5O3V9RB","Approved","Fri Feb 09 08:36:04 PST 2018","Fri Feb 09 08:51:05 PST 2018","Mon Feb 12 08:51:05 PST 2018","Mon Feb 12 07:50:28 PST 2018","","","901","100% (20/20)","100% (20/20)","100% (20/20)","incoherent_sentences_arg2_diff_sense.json","That would be a formula for ensuring even more FHA red ink. Because many members feel there are important features of the House bill that should be enacted. 
","That would be a formula for ensuring even more FHA red ink. Because experience has shown that the most important element in predicting a housing-loan default is the down payment. 
","1","SampleText1","3"
"3Z3R5YC0P3K7XIZL35L2QDEONX4FT7","33Q5C6LAR9Z5WWEVJ8MGRODQEETE2F","Coherent vs Incoherent sentences","The assignment is to select the incoherent text from a coherent/incoherent pair of texts and indicate how incoherent the selected text is relative to the other.","Reading, Text, Coherence, Incoherence","$0.03","Fri Feb 09 08:35:40 PST 2018","4","BatchId:3108852;OriginalHitTemplateId:920937336;","1800","259200","Fri Feb 16 08:35:40 PST 2018","","","33JKGHPFYDRIUZKCIZ850OOPDX4NMO","A1AJG4BGSRPC93","Approved","Fri Feb 09 16:22:16 PST 2018","Fri Feb 09 16:22:32 PST 2018","Mon Feb 12 16:22:32 PST 2018","Mon Feb 12 07:50:23 PST 2018","","","16","100% (5/5)","100% (5/5)","100% (5/5)","incoherent_sentences_arg2_random.json","The rate among the elderly -- 12% in 1988 -- wasn't significantly lower than the year before. In fact if it weren't for Social Security payments, more than three times as many elderly would be below the poverty line. 
","The rate among the elderly -- 12% in 1988 -- wasn't significantly lower than the year before. In fact santa Cruz County estimates total damage at nearly $600 million. 
","2","SampleText2","2"
"3Z3R5YC0P3K7XIZL35L2QDEONX4FT7","33Q5C6LAR9Z5WWEVJ8MGRODQEETE2F","Coherent vs Incoherent sentences","The assignment is to select the incoherent text from a coherent/incoherent pair of texts and indicate how incoherent the selected text is relative to the other.","Reading, Text, Coherence, Incoherence","$0.03","Fri Feb 09 08:35:40 PST 2018","4","BatchId:3108852;OriginalHitTemplateId:920937336;","1800","259200","Fri Feb 16 08:35:40 PST 2018","","","36DSNE9QZ6VABCE3GHVQZLWDZH5JOU","A1K8QNLYYYX21W","Approved","Sun Feb 11 10:30:20 PST 2018","Sun Feb 11 10:31:29 PST 2018","Wed Feb 14 10:31:29 PST 2018","Mon Feb 12 07:50:23 PST 2018","","","69","100% (7/7)","100% (7/7)","100% (7/7)","incoherent_sentences_arg2_random.json","The rate among the elderly -- 12% in 1988 -- wasn't significantly lower than the year before. In fact if it weren't for Social Security payments, more than three times as many elderly would be below the poverty line. 
","The rate among the elderly -- 12% in 1988 -- wasn't significantly lower than the year before. In fact santa Cruz County estimates total damage at nearly $600 million. 
","2","SampleText1","0"
"3Z3R5YC0P3K7XIZL35L2QDEONX4FT7","33Q5C6LAR9Z5WWEVJ8MGRODQEETE2F","Coherent vs Incoherent sentences","The assignment is to select the incoherent text from a coherent/incoherent pair of texts and indicate how incoherent the selected text is relative to the other.","Reading, Text, Coherence, Incoherence","$0.03","Fri Feb 09 08:35:40 PST 2018","4","BatchId:3108852;OriginalHitTemplateId:920937336;","1800","259200","Fri Feb 16 08:35:40 PST 2018","","","3ERET4BTVN62F9GFWDCK3A11J6N9K7","A5V3ZMQI0PU3F","Approved","Sat Feb 10 20:00:09 PST 2018","Sat Feb 10 20:02:56 PST 2018","Tue Feb 13 20:02:56 PST 2018","Mon Feb 12 07:50:26 PST 2018","","","167","100% (7/7)","100% (7/7)","100% (7/7)","incoherent_sentences_arg2_random.json","The rate among the elderly -- 12% in 1988 -- wasn't significantly lower than the year before. In fact if it weren't for Social Security payments, more than three times as many elderly would be below the poverty line. 
","The rate among the elderly -- 12% in 1988 -- wasn't significantly lower than the year before. In fact santa Cruz County estimates total damage at nearly $600 million. 
","2","SampleText2","2"
"3Z3R5YC0P3K7XIZL35L2QDEONX4FT7","33Q5C6LAR9Z5WWEVJ8MGRODQEETE2F","Coherent vs Incoherent sentences","The assignment is to select the incoherent text from a coherent/incoherent pair of texts and indicate how incoherent the selected text is relative to the other.","Reading, Text, Coherence, Incoherence","$0.03","Fri Feb 09 08:35:40 PST 2018","4","BatchId:3108852;OriginalHitTemplateId:920937336;","1800","259200","Fri Feb 16 08:35:40 PST 2018","","","3HL8HNGX46YRZNO1V2LNNX9WB5BF96","AKSJ3C5O3V9RB","Approved","Fri Feb 09 08:36:15 PST 2018","Fri Feb 09 08:49:36 PST 2018","Mon Feb 12 08:49:36 PST 2018","Mon Feb 12 07:50:28 PST 2018","","","801","100% (20/20)","100% (20/20)","100% (20/20)","incoherent_sentences_arg2_random.json","The rate among the elderly -- 12% in 1988 -- wasn't significantly lower than the year before. In fact if it weren't for Social Security payments, more than three times as many elderly would be below the poverty line. 
","The rate among the elderly -- 12% in 1988 -- wasn't significantly lower than the year before. In fact santa Cruz County estimates total damage at nearly $600 million. 
","2","SampleText2","3"